customerID,churn_probability,risk_tier
7294-TMAOP,0.9653,HIGH
5797-APWZC,0.9653,HIGH
4910-GMJOT,0.9626,HIGH
8149-RSOUN,0.962,HIGH
6086-ESGRL,0.9608,HIGH
0495-RVCBF,0.9581,HIGH
2004-OCQXK,0.9577,HIGH
4614-NUVZD,0.9577,HIGH
9282-IZGQK,0.9568,HIGH
9019-QVLZD,0.9563,HIGH
8058-INTPH,0.9553,HIGH
5494-HECPR,0.955,HIGH
2777-PHDEI,0.9548,HIGH
3158-MOERK,0.952,HIGH
7851-WZEKY,0.9517,HIGH
2034-GDRCN,0.9516,HIGH
3049-NDXFL,0.9493,HIGH
3585-ISXZP,0.9484,HIGH
9057-SIHCH,0.9482,HIGH
0295-PPHDO,0.9474,HIGH
5698-BQJOH,0.9468,HIGH
2609-IAICY,0.9464,HIGH
3988-RQIXO,0.9459,HIGH
9124-LHCJQ,0.9452,HIGH
5960-WPXQM,0.9448,HIGH
8740-CRYFY,0.9448,HIGH
2868-MZAGQ,0.9445,HIGH
7943-RQCHR,0.9442,HIGH
1761-AEZZR,0.9441,HIGH
2514-GINMM,0.9441,HIGH
5393-RXQSZ,0.9438,HIGH
9846-GKXAS,0.9436,HIGH
1143-NMNQJ,0.9435,HIGH
9300-RENDD,0.9433,HIGH
0345-HKJVM,0.9431,HIGH
9300-AGZNL,0.9429,HIGH
1285-OKIPP,0.9429,HIGH
9497-QCMMS,0.9429,HIGH
1069-XAIEM,0.9424,HIGH
9025-AOMKI,0.9423,HIGH
9611-CTWIH,0.9422,HIGH
9223-UCPVT,0.9412,HIGH
2990-HWIML,0.9412,HIGH
2672-HUYVI,0.9411,HIGH
7024-OHCCK,0.9408,HIGH
8183-ONMXC,0.9407,HIGH
7254-IQWOZ,0.9401,HIGH
6502-MJQAE,0.9401,HIGH
1820-TQVEV,0.9399,HIGH
6457-GIRWB,0.9395,HIGH
3428-XZMAZ,0.9395,HIGH
2867-UIMSS,0.9394,HIGH
5834-ASPWA,0.9393,HIGH
2737-YNGYW,0.9389,HIGH
9734-YWGEX,0.9387,HIGH
5875-YPQFJ,0.9386,HIGH
9804-ICWBG,0.9386,HIGH
4603-JANFB,0.9386,HIGH
4510-HIMLV,0.9386,HIGH
3027-ZTDHO,0.9386,HIGH
5542-TBBWB,0.9386,HIGH
7274-RTAPZ,0.9386,HIGH
9681-OXGVC,0.9385,HIGH
7120-RFMVS,0.9383,HIGH
0970-ETWGE,0.9382,HIGH
9305-CDSKC,0.9381,HIGH
4529-CKBCL,0.9375,HIGH
7760-OYPDY,0.9375,HIGH
8603-IJWDN,0.9374,HIGH
5192-EBGOV,0.9373,HIGH
9787-XVQIU,0.9373,HIGH
6457-USBER,0.9372,HIGH
6567-HOOPW,0.9369,HIGH
5597-GLBUC,0.9366,HIGH
1981-INRFU,0.9366,HIGH
3722-WPXTK,0.9361,HIGH
7665-TOALD,0.9361,HIGH
1455-ESIQH,0.9361,HIGH
0488-GSLFR,0.9359,HIGH
6358-LYNGM,0.9358,HIGH
1157-BQCUW,0.9358,HIGH
9095-HFAFX,0.9355,HIGH
1678-FYZOW,0.9354,HIGH
9885-CSMWE,0.9352,HIGH
1415-YFWLT,0.935,HIGH
8752-STIVR,0.9348,HIGH
6960-HVYXR,0.9345,HIGH
1452-VOQCH,0.9344,HIGH
4501-EQDRN,0.9343,HIGH
6918-UMQCG,0.9343,HIGH
0151-ONTOV,0.9336,HIGH
7488-MXJIV,0.9332,HIGH
0511-JTEOY,0.932,HIGH
8040-MNRTF,0.932,HIGH
1031-IIDEO,0.9316,HIGH
3177-LASXD,0.9316,HIGH
0235-KGSLC,0.9314,HIGH
2968-SSGAA,0.9313,HIGH
7439-DKZTW,0.9312,HIGH
4548-SDBKE,0.931,HIGH
5519-NPHVG,0.9309,HIGH
5419-JPRRN,0.9304,HIGH
9728-FTTVZ,0.9304,HIGH
7660-HDPJV,0.9304,HIGH
6357-JJPQT,0.9298,HIGH
6894-LFHLY,0.9296,HIGH
9546-CQJSU,0.9296,HIGH
9248-OJYKK,0.9294,HIGH
4415-IJZTP,0.9289,HIGH
8739-XNIKG,0.9288,HIGH
3716-BDVDB,0.9286,HIGH
8816-VXNZD,0.9285,HIGH
7153-OANIO,0.9284,HIGH
0519-XUZJU,0.9283,HIGH
7465-ZZRVX,0.9275,HIGH
2446-PLQVO,0.9275,HIGH
4695-WJZUE,0.9272,HIGH
7638-QVMVY,0.9265,HIGH
3276-HDUEG,0.9265,HIGH
4210-QFJMF,0.9264,HIGH
8357-EQXFO,0.9263,HIGH
3244-DCJWY,0.9255,HIGH
1640-PLFMP,0.9255,HIGH
6653-CBBOM,0.9255,HIGH
6979-ZNSFF,0.9253,HIGH
4759-TRPLW,0.9253,HIGH
2856-HYAPG,0.9249,HIGH
4988-IQIGL,0.9249,HIGH
1374-DMZUI,0.9248,HIGH
6857-VWJDT,0.9248,HIGH
0328-GRPMV,0.9247,HIGH
4702-IOQDC,0.9247,HIGH
2262-SLNVK,0.924,HIGH
6437-UKHMV,0.9237,HIGH
1915-IOFGU,0.9235,HIGH
6941-PMGEP,0.9233,HIGH
8098-LLAZX,0.9231,HIGH
5277-ZLOOR,0.9228,HIGH
8861-HGGKB,0.9225,HIGH
5240-IJOQT,0.9222,HIGH
4277-PVRAN,0.9221,HIGH
8580-AECUZ,0.9219,HIGH
6230-BSUXY,0.9217,HIGH
0968-GSIKN,0.9212,HIGH
2720-WGKHP,0.9209,HIGH
3551-HUAZH,0.9209,HIGH
3068-OMWZA,0.9207,HIGH
4871-JTKJF,0.9202,HIGH
2636-ALXXZ,0.9202,HIGH
8375-DKEBR,0.9202,HIGH
5550-VFRLC,0.9189,HIGH
8168-UQWWF,0.9187,HIGH
2754-XBHTB,0.918,HIGH
7577-SWIFR,0.918,HIGH
4078-SAYYN,0.9179,HIGH
4424-TKOPW,0.9175,HIGH
4912-PIGUY,0.9171,HIGH
6474-FVJLC,0.9168,HIGH
7398-SKNQZ,0.9165,HIGH
0259-GBZSH,0.9159,HIGH
8000-REIQB,0.9158,HIGH
3494-JCHRQ,0.9148,HIGH
9317-WZPGV,0.9147,HIGH
7206-GZCDC,0.9141,HIGH
2202-CUYXZ,0.9137,HIGH
2026-TGDHM,0.9132,HIGH
2180-DXNEG,0.913,HIGH
1618-CFHME,0.9129,HIGH
7234-FECYN,0.9128,HIGH
4713-LZDRV,0.9121,HIGH
3049-SOLAY,0.9117,HIGH
4110-PFEUZ,0.9116,HIGH
8931-GJJIQ,0.9113,HIGH
2612-RANWT,0.9099,HIGH
4581-SSPWD,0.9093,HIGH
2545-EBUPK,0.9086,HIGH
2865-TCHJW,0.908,HIGH
5376-DEQCP,0.908,HIGH
7394-FKDNK,0.9072,HIGH
1846-XWOQN,0.9069,HIGH
4749-OJKQU,0.9069,HIGH
8062-YBDOE,0.9065,HIGH
6892-EZDTG,0.9062,HIGH
5539-TMZLF,0.9058,HIGH
3387-VATUS,0.9057,HIGH
6496-JDSSB,0.9049,HIGH
6023-YEBUP,0.9042,HIGH
8051-HJRLT,0.9041,HIGH
7817-BOQPW,0.904,HIGH
4060-LDNLU,0.9038,HIGH
3106-ULWFW,0.9031,HIGH
5299-SJCZT,0.9031,HIGH
6910-HADCM,0.9023,HIGH
7571-YXDAD,0.9023,HIGH
1320-HTRDR,0.9021,HIGH
1925-TIBLE,0.9021,HIGH
1833-VGRUM,0.9021,HIGH
1273-MTETI,0.902,HIGH
0637-KVDLV,0.9013,HIGH
4115-NZRKS,0.9013,HIGH
9488-HGMJH,0.9011,HIGH
6996-KNSML,0.9011,HIGH
8473-VUVJN,0.9009,HIGH
5150-ITWWB,0.9007,HIGH
8593-WHYHV,0.9007,HIGH
6680-WKXRZ,0.9005,HIGH
4140-MUHUG,0.9002,HIGH
0697-ZMSWS,0.8998,HIGH
3370-HXOPH,0.8995,HIGH
2276-YDAVZ,0.8994,HIGH
4234-XTNEA,0.8986,HIGH
5445-UTODQ,0.8985,HIGH
4626-GYCZP,0.8983,HIGH
7858-GTZSP,0.8983,HIGH
3066-RRJIO,0.8978,HIGH
4572-DVCGN,0.8977,HIGH
6618-RYATB,0.8976,HIGH
7969-AULMZ,0.8976,HIGH
9689-PTNPG,0.8975,HIGH
4750-ZRXIU,0.8973,HIGH
6689-TCZHQ,0.8973,HIGH
0872-NXJYS,0.8972,HIGH
8382-SHQEH,0.8968,HIGH
1768-ZAIFU,0.8966,HIGH
1602-IJQQE,0.8965,HIGH
6015-VVHHE,0.8964,HIGH
5186-SAMNZ,0.8963,HIGH
0925-VYDLG,0.8962,HIGH
1200-TUZHR,0.8961,HIGH
5480-HPRRX,0.8958,HIGH
5835-BEQEU,0.8957,HIGH
5482-PLVPE,0.8955,HIGH
4847-TAJYI,0.8954,HIGH
0318-QUUOB,0.8954,HIGH
8945-GRKHX,0.8949,HIGH
9250-WYPLL,0.8949,HIGH
9231-ZJYAM,0.8948,HIGH
4090-KPJIP,0.8947,HIGH
2982-IHMFT,0.8947,HIGH
0822-GAVAP,0.8947,HIGH
6372-RFVNS,0.8946,HIGH
2982-VPSGI,0.8946,HIGH
9605-WGJVW,0.8945,HIGH
7228-OMTPN,0.8937,HIGH
2656-TABEH,0.8935,HIGH
0754-UKWQP,0.8932,HIGH
7198-GLXTC,0.893,HIGH
9878-TNQGW,0.8929,HIGH
7854-FOKSF,0.8925,HIGH
8999-BOHSE,0.8924,HIGH
4550-EVXNY,0.8923,HIGH
9306-CPCBC,0.8922,HIGH
8372-JUXUI,0.892,HIGH
3871-IKPYH,0.8919,HIGH
8779-QRDMV,0.8919,HIGH
6198-ZFIOJ,0.8919,HIGH
1389-CXMLU,0.8912,HIGH
2024-BASKD,0.8912,HIGH
0612-RTZZA,0.8909,HIGH
0897-FEGMU,0.8904,HIGH
1304-NECVQ,0.8902,HIGH
5889-LFOLL,0.8902,HIGH
0841-NULXI,0.8897,HIGH
3091-FYHKI,0.8897,HIGH
8086-OVPWV,0.8895,HIGH
3908-BLSYF,0.8892,HIGH
8644-XLFBW,0.8887,HIGH
2612-RRIDN,0.8887,HIGH
3318-NMQXL,0.8885,HIGH
6993-OHLXR,0.8883,HIGH
0564-JJHGS,0.8882,HIGH
6328-ZPBGN,0.8878,HIGH
5349-IECLD,0.8878,HIGH
6110-OHIHY,0.8877,HIGH
5196-SGOAK,0.8875,HIGH
8380-PEFPE,0.8874,HIGH
8993-PHFWD,0.8874,HIGH
2876-GZYZC,0.8874,HIGH
3217-FZDMN,0.8865,HIGH
6212-ATMLK,0.8864,HIGH
7563-BIUPC,0.8861,HIGH
6140-QNRQQ,0.8861,HIGH
3776-EKTKM,0.8859,HIGH
6166-ILMNY,0.8859,HIGH
5095-AESKG,0.8856,HIGH
8443-ZRDBZ,0.8852,HIGH
9837-BMCLM,0.885,HIGH
5159-YFPKQ,0.8849,HIGH
9940-RHLFB,0.8849,HIGH
6376-GAHQE,0.8847,HIGH
1980-KXVPM,0.8847,HIGH
3878-AVSOQ,0.8845,HIGH
3376-BMGFE,0.8845,HIGH
3793-MMFUH,0.8844,HIGH
4951-UKAAQ,0.8844,HIGH
0742-NXBGR,0.8843,HIGH
9507-EXLTT,0.8841,HIGH
9985-MWVIX,0.8838,HIGH
2619-WFQWU,0.8838,HIGH
4512-ZUIYL,0.8838,HIGH
7538-GWHML,0.8837,HIGH
8042-JVNFH,0.883,HIGH
8058-JMEQO,0.8827,HIGH
0023-HGHWL,0.8825,HIGH
3765-JXVKY,0.8824,HIGH
9451-LPGOO,0.8823,HIGH
3597-MVHJT,0.8822,HIGH
8161-QYMTT,0.8821,HIGH
2012-NWRPA,0.882,HIGH
1334-FJSVR,0.882,HIGH
2959-FENLU,0.882,HIGH
4806-HIPDW,0.882,HIGH
1084-UQCHV,0.882,HIGH
7594-RQHXR,0.8819,HIGH
3519-ZKXGG,0.8818,HIGH
3721-CNEYS,0.8817,HIGH
5275-SQEIZ,0.8815,HIGH
4145-UQXUQ,0.8814,HIGH
6352-TWCAU,0.8812,HIGH
5442-BHQNG,0.8811,HIGH
1447-GIQMR,0.8811,HIGH
2672-DZUOY,0.8802,HIGH
8714-CTZJW,0.8802,HIGH
9840-DVNDC,0.8802,HIGH
2725-KXXWT,0.8801,HIGH
6275-YDUVO,0.8799,HIGH
5565-FILXA,0.8795,HIGH
3707-GNWHM,0.8793,HIGH
3746-EUBYR,0.8793,HIGH
7365-BVCJH,0.879,HIGH
2660-EMUBI,0.8789,HIGH
5884-GCYMI,0.8785,HIGH
3178-FESZO,0.8781,HIGH
9747-DDZOS,0.8781,HIGH
8972-HJWNV,0.8778,HIGH
2592-SEIFQ,0.8777,HIGH
4195-NZGTA,0.8772,HIGH
4829-AUOAX,0.8768,HIGH
4822-RVYBB,0.8766,HIGH
6356-ELRKD,0.8765,HIGH
8622-ZLFKO,0.8762,HIGH
0655-RBDUG,0.8761,HIGH
4102-OQUPX,0.8761,HIGH
0021-IKXGC,0.8758,HIGH
8780-IXSTS,0.8758,HIGH
9603-OAIHC,0.8757,HIGH
7526-BEZQB,0.8757,HIGH
4826-XTSOH,0.8756,HIGH
7625-XCQRH,0.8755,HIGH
5378-IKEEG,0.8754,HIGH
3074-GQWYX,0.8748,HIGH
1704-NRWYE,0.8748,HIGH
0375-HVGXO,0.8747,HIGH
7576-OYWBN,0.8746,HIGH
8258-GSTJK,0.8746,HIGH
0220-EBGCE,0.8745,HIGH
6424-ELEYH,0.8745,HIGH
5043-TRZWM,0.8743,HIGH
9944-HKVVB,0.8743,HIGH
5909-ECHUI,0.8742,HIGH
9822-OAOVB,0.8742,HIGH
6969-MVBAI,0.8742,HIGH
3063-QFSZL,0.8742,HIGH
4763-PGDPO,0.8741,HIGH
9237-HQITU,0.8741,HIGH
9227-LUNBG,0.874,HIGH
0196-VULGZ,0.8739,HIGH
0722-TROQR,0.8738,HIGH
5570-PTWEH,0.8733,HIGH
1612-EOHDH,0.8731,HIGH
7548-SEPYI,0.8727,HIGH
7831-QGOXH,0.8726,HIGH
3096-IZETN,0.8725,HIGH
5383-MMTWC,0.8725,HIGH
4806-KEXQR,0.8723,HIGH
2516-VQRRV,0.8719,HIGH
4236-UJPWO,0.8717,HIGH
2789-HQBOU,0.8716,HIGH
2985-FMWYF,0.8716,HIGH
4285-GYRQC,0.8714,HIGH
2462-XIIJB,0.8714,HIGH
1342-JPNKI,0.8711,HIGH
9850-OWRHQ,0.8709,HIGH
5229-PRWKT,0.8707,HIGH
5442-UTCVD,0.8703,HIGH
6513-EECDB,0.8703,HIGH
0746-JTRFU,0.8701,HIGH
7825-GKXMW,0.8698,HIGH
1579-KLYDT,0.8697,HIGH
5261-QSHQM,0.8694,HIGH
7330-WZLNC,0.8694,HIGH
2205-YMZZJ,0.8692,HIGH
0723-DRCLG,0.8692,HIGH
2446-BEGGB,0.869,HIGH
1565-RHDJD,0.8687,HIGH
0685-MLYYM,0.8682,HIGH
0195-IESCP,0.8682,HIGH
0781-LKXBR,0.868,HIGH
0122-OAHPZ,0.8678,HIGH
6161-UUUTA,0.8677,HIGH
1197-BVMVG,0.8675,HIGH
6128-CZOMY,0.8674,HIGH
6711-FLDFB,0.8672,HIGH
7912-SYRQT,0.8668,HIGH
5077-DXTCG,0.8667,HIGH
2868-SNELZ,0.8667,HIGH
7359-PTSXY,0.8666,HIGH
3677-IYRBF,0.8666,HIGH
7908-QCBCA,0.8666,HIGH
1564-NTYXF,0.8665,HIGH
2959-MJHIC,0.8664,HIGH
1963-SVUCV,0.8659,HIGH
5552-ZNFSJ,0.8659,HIGH
9743-DQKQW,0.8658,HIGH
3643-AHCFP,0.8654,HIGH
7363-QTBIW,0.865,HIGH
4112-LUEIZ,0.8649,HIGH
7216-EWTRS,0.8648,HIGH
2608-BHKFN,0.8648,HIGH
6833-JMZYP,0.8648,HIGH
2454-RPBRZ,0.8638,HIGH
3727-RJMEO,0.8634,HIGH
3811-VBYBZ,0.8631,HIGH
1740-CSDJP,0.8628,HIGH
1219-NNDDO,0.8626,HIGH
5318-IXUZF,0.8625,HIGH
7503-ZGUZJ,0.8625,HIGH
4706-AXVKM,0.8624,HIGH
0311-UNPFF,0.8623,HIGH
7079-QRCBC,0.8622,HIGH
2691-NZETQ,0.8618,HIGH
0404-SWRVG,0.8617,HIGH
7249-WBIYX,0.8616,HIGH
5919-TMRGD,0.8614,HIGH
4537-DKTAL,0.8614,HIGH
2260-USTRB,0.8613,HIGH
6221-AVQYL,0.8611,HIGH
7479-NITWS,0.861,HIGH
2215-ZAFGX,0.8608,HIGH
0322-CHQRU,0.8606,HIGH
8245-UMPYT,0.8604,HIGH
1724-BQUHA,0.86,HIGH
6861-XWTWQ,0.8599,HIGH
5567-WSELE,0.8598,HIGH
9894-EZEWG,0.8596,HIGH
8083-YTZES,0.8595,HIGH
6087-MVHJH,0.8594,HIGH
7839-QRKXN,0.859,HIGH
5178-LMXOP,0.8589,HIGH
6519-CFDBX,0.8588,HIGH
8414-MYSHR,0.8584,HIGH
4482-EWFMI,0.8581,HIGH
8949-JTMAY,0.8578,HIGH
6077-BDPXA,0.8577,HIGH
9408-SSNVZ,0.8575,HIGH
9633-XQABV,0.8572,HIGH
1455-UGQVH,0.857,HIGH
0928-XUTSN,0.8568,HIGH
8065-YKXKD,0.8567,HIGH
7823-JSOAG,0.8567,HIGH
3247-ZVOUO,0.8564,HIGH
5153-RTHKF,0.8562,HIGH
5564-NEMQO,0.8561,HIGH
9402-ORRAH,0.8556,HIGH
5032-MIYKT,0.8555,HIGH
1010-DIAUQ,0.8553,HIGH
5879-SESNB,0.8553,HIGH
9576-ANLXO,0.8551,HIGH
5804-LEPIM,0.8551,HIGH
1195-OIYEJ,0.8551,HIGH
2506-TNFCO,0.855,HIGH
6366-ZGQGL,0.8547,HIGH
7394-LWLYN,0.8545,HIGH
3669-OYSJI,0.8544,HIGH
8884-ADFVN,0.854,HIGH
5583-SXDAG,0.854,HIGH
7245-NIIWQ,0.8536,HIGH
3462-BJQQA,0.8535,HIGH
1666-JXLKU,0.8534,HIGH
0840-DFEZH,0.8532,HIGH
9638-JIQYA,0.8531,HIGH
8650-RHRKE,0.8529,HIGH
7779-LGOVN,0.8524,HIGH
2123-AGEEN,0.8524,HIGH
2135-RXIHG,0.8521,HIGH
2082-CEFLT,0.852,HIGH
0939-YAPAF,0.8512,HIGH
4445-ZJNMU,0.8511,HIGH
8348-HFYIV,0.8508,HIGH
0107-YHINA,0.8506,HIGH
9620-ENEJV,0.8503,HIGH
4817-QRJSX,0.8501,HIGH
3045-XETSH,0.85,HIGH
7613-LLQFO,0.8497,HIGH
5380-AFSSK,0.8494,HIGH
7341-LXCAF,0.8494,HIGH
1184-PJVDB,0.8493,HIGH
3627-FCRDW,0.8493,HIGH
7595-EUIVN,0.8492,HIGH
1894-IGFSG,0.8492,HIGH
5276-KQWHG,0.849,HIGH
4143-OOBWZ,0.849,HIGH
0374-IOEGQ,0.8488,HIGH
2055-PDADH,0.8488,HIGH
4282-YMKNA,0.8487,HIGH
7450-NWRTR,0.8482,HIGH
9367-WXLCH,0.8482,HIGH
4897-QSUYC,0.848,HIGH
6688-UZPWD,0.8478,HIGH
4086-YQSNZ,0.8476,HIGH
8943-URTMR,0.8473,HIGH
7675-OZCZG,0.8472,HIGH
6608-QQLVK,0.8471,HIGH
3753-TSEMP,0.8471,HIGH
2372-HWUHI,0.8468,HIGH
7273-TEFQD,0.8468,HIGH
4546-FOKWR,0.8467,HIGH
0135-NMXAP,0.8465,HIGH
4342-HENTK,0.8462,HIGH
1728-BQDMA,0.8461,HIGH
8111-RKSPX,0.846,HIGH
9134-CEQMF,0.8459,HIGH
6630-UJZMY,0.8457,HIGH
3916-NRPAP,0.8456,HIGH
2809-ZMYOQ,0.8455,HIGH
6899-PPEEA,0.8452,HIGH
6834-NXDCA,0.8449,HIGH
1363-TXLSL,0.8445,HIGH
6702-OHFWR,0.8445,HIGH
4547-KQRTM,0.8445,HIGH
3750-CKVKH,0.8439,HIGH
6856-RAURS,0.8439,HIGH
2737-WFVYW,0.8438,HIGH
4998-IKFSE,0.8434,HIGH
0187-QSXOE,0.8434,HIGH
0812-WUPTB,0.8434,HIGH
3583-EKAPL,0.8432,HIGH
2209-XADXF,0.8431,HIGH
6168-WFVVF,0.843,HIGH
8992-JQYUN,0.8424,HIGH
1173-XZPYF,0.842,HIGH
5940-AHUHD,0.8419,HIGH
7130-VTEWQ,0.8417,HIGH
3677-TNKIO,0.8417,HIGH
9444-JTXHZ,0.8417,HIGH
3006-XIMLN,0.8412,HIGH
3338-CVVEH,0.8408,HIGH
2962-XPMCQ,0.8408,HIGH
1086-LXKFY,0.8404,HIGH
0236-HFWSV,0.8396,HIGH
7841-TZDMQ,0.8392,HIGH
5054-IEXZT,0.8389,HIGH
6108-OQZDQ,0.8388,HIGH
2984-AFWNC,0.8387,HIGH
5405-ZMYXQ,0.8387,HIGH
2842-JTCCU,0.8383,HIGH
0875-CABNR,0.8381,HIGH
1122-JWTJW,0.838,HIGH
4059-IIEBK,0.8371,HIGH
4514-GFCFI,0.8369,HIGH
5669-SRAIP,0.8368,HIGH
0196-JTUQI,0.8366,HIGH
3550-SAHFP,0.8364,HIGH
2272-QAGFO,0.8363,HIGH
2642-DTVCO,0.8361,HIGH
3422-LYEPQ,0.8361,HIGH
9058-CBREO,0.8359,HIGH
2114-MGINA,0.8359,HIGH
1264-BYWMS,0.8357,HIGH
8775-LHDJH,0.8354,HIGH
4124-MMETB,0.8352,HIGH
5673-FSSMF,0.8351,HIGH
7714-YXSMB,0.8346,HIGH
8185-UPYBR,0.834,HIGH
4229-CZMLL,0.834,HIGH
4795-KTRTH,0.8338,HIGH
6481-ESCNL,0.8334,HIGH
0219-YTZUE,0.8333,HIGH
4094-NSEDU,0.833,HIGH
0325-XBFAC,0.8329,HIGH
1569-TTNYJ,0.8325,HIGH
8080-DDEMJ,0.8325,HIGH
7409-KIUTL,0.8316,HIGH
5832-XKAES,0.8314,HIGH
3199-XGZCY,0.8314,HIGH
1196-AMORA,0.8312,HIGH
0515-YPMCW,0.8308,HIGH
9185-TQCVP,0.8304,HIGH
9050-IKDZA,0.8302,HIGH
5959-BELXA,0.8301,HIGH
9617-INGJY,0.83,HIGH
6311-UEUME,0.83,HIGH
6127-ISGTU,0.83,HIGH
6210-KBBPI,0.8297,HIGH
1262-OPMFY,0.8295,HIGH
9965-YOKZB,0.8293,HIGH
5134-IKDAY,0.8292,HIGH
9167-APMXZ,0.8288,HIGH
4484-CGXFK,0.8284,HIGH
5312-UXESG,0.8283,HIGH
9061-TIHDA,0.8281,HIGH
3797-VTIDR,0.8281,HIGH
6817-WTYHE,0.8281,HIGH
0302-JOIVN,0.828,HIGH
9279-CJEOJ,0.828,HIGH
2038-OEQZH,0.8277,HIGH
5956-VKDTT,0.8277,HIGH
0148-DCDOS,0.8274,HIGH
5655-JSMZM,0.8274,HIGH
4587-VVTOX,0.8272,HIGH
5685-IIXLY,0.8271,HIGH
3841-CONLJ,0.8268,HIGH
4735-ASGMA,0.8267,HIGH
5382-SOYZL,0.8266,HIGH
3398-FSHON,0.8265,HIGH
9430-FRQOC,0.8264,HIGH
3198-VELRD,0.8263,HIGH
9734-UYXQI,0.8263,HIGH
8541-QVFKM,0.8259,HIGH
7209-JCUDS,0.8259,HIGH
4228-ZGYUW,0.8258,HIGH
1589-AGTLK,0.8257,HIGH
7767-UXAGJ,0.8251,HIGH
4349-GFQHK,0.825,HIGH
5233-GEEAX,0.8249,HIGH
9191-MYQKX,0.8241,HIGH
9290-SHCMB,0.8241,HIGH
6185-TASNN,0.824,HIGH
8180-AKMJV,0.8239,HIGH
5935-FCCNB,0.8238,HIGH
1746-TGTWV,0.8235,HIGH
5419-CONWX,0.8234,HIGH
6229-LSCKB,0.8234,HIGH
0094-OIFMO,0.8233,HIGH
2408-WITXK,0.8233,HIGH
6000-APYLU,0.8227,HIGH
0661-XEYAN,0.8226,HIGH
3317-VLGQT,0.8226,HIGH
1496-GGSUK,0.8226,HIGH
5968-VXZLG,0.8224,HIGH
5501-TVMGM,0.8222,HIGH
4706-DGAHW,0.822,HIGH
6416-TVAIH,0.8217,HIGH
9360-OMDZZ,0.8217,HIGH
0709-TVGUR,0.8214,HIGH
8337-UPOAQ,0.8212,HIGH
2013-SGDXK,0.8207,HIGH
7480-QNVZJ,0.8207,HIGH
5357-TZHPP,0.8206,HIGH
6060-DRTNL,0.8205,HIGH
8775-ERLNB,0.8201,HIGH
4844-JJWUY,0.8201,HIGH
7295-JOMMD,0.8194,HIGH
0506-LVNGN,0.8192,HIGH
4847-QNOKA,0.8192,HIGH
8325-QRPZR,0.819,HIGH
7994-UYIVZ,0.819,HIGH
8705-WZCYL,0.8183,HIGH
0224-RLWWD,0.8182,HIGH
5644-PDMZC,0.8177,HIGH
3269-ATYWD,0.8173,HIGH
5605-IYGFG,0.8172,HIGH
9809-IMGCQ,0.8172,HIGH
1268-ASBGA,0.817,HIGH
1329-VHWNP,0.8167,HIGH
4351-QLCSU,0.8166,HIGH
4952-YSOGZ,0.8165,HIGH
0674-EYYZV,0.8162,HIGH
7786-WBJYI,0.8161,HIGH
7180-PISOG,0.8156,HIGH
2379-ENZGV,0.8155,HIGH
8835-VSDSE,0.8154,HIGH
7493-TPUWZ,0.8154,HIGH
4450-DLLMH,0.8154,HIGH
7156-MHUGY,0.8153,HIGH
0616-ATFGB,0.8151,HIGH
4192-GORJT,0.8146,HIGH
2645-QTLMB,0.8145,HIGH
4822-NGOCH,0.8145,HIGH
3798-EPWRR,0.8143,HIGH
8808-ELEHO,0.8142,HIGH
2897-DOVND,0.8141,HIGH
1658-BYGOY,0.8138,HIGH
3751-KTZEL,0.8133,HIGH
4373-VVHQL,0.8126,HIGH
6350-XFYGW,0.8124,HIGH
4855-SNKMY,0.8123,HIGH
7074-IEVOJ,0.8121,HIGH
6986-IXNDM,0.8119,HIGH
3714-NTNFO,0.8115,HIGH
4686-UXDML,0.8113,HIGH
3393-FMZPV,0.8113,HIGH
5928-QLDHB,0.8112,HIGH
4749-VFKVB,0.8106,HIGH
4816-JBHOV,0.8105,HIGH
3874-EQOEP,0.8103,HIGH
9866-QEVEE,0.8101,HIGH
9172-ANCRX,0.8099,HIGH
3318-OSATS,0.8097,HIGH
4911-BANWH,0.8097,HIGH
3138-BKYAV,0.8096,HIGH
3926-CUQZX,0.8091,HIGH
3389-YGYAI,0.8088,HIGH
7932-WPTDS,0.8088,HIGH
6326-MTTXK,0.8081,HIGH
7354-OIJLX,0.808,HIGH
7587-RZNME,0.808,HIGH
0871-URUWO,0.808,HIGH
5429-LWCMV,0.8077,HIGH
9717-QEBGU,0.8074,HIGH
6683-VLCTZ,0.8072,HIGH
1567-DSCIC,0.8071,HIGH
1977-STDKI,0.8069,HIGH
6521-YYTYI,0.8067,HIGH
2860-RANUS,0.8064,HIGH
0362-ZBZWJ,0.8064,HIGH
5028-GZLDO,0.8062,HIGH
7054-LGEQW,0.8061,HIGH
3489-HHPFY,0.8061,HIGH
9840-EFJQB,0.8061,HIGH
2919-HBCJO,0.806,HIGH
4074-SJFFA,0.8059,HIGH
9921-ZVRHG,0.8057,HIGH
9274-CNFMO,0.8056,HIGH
2362-IBOOY,0.8056,HIGH
0378-TOVMS,0.8055,HIGH
1766-GKNMI,0.8054,HIGH
1024-GUALD,0.8054,HIGH
4274-OWWYO,0.8054,HIGH
3902-FOIGH,0.8053,HIGH
3030-YDNRM,0.8052,HIGH
8063-GBATB,0.8051,HIGH
8878-HMWBV,0.805,HIGH
7028-DVOIQ,0.8045,HIGH
5167-GBFRE,0.8041,HIGH
4929-BSTRX,0.804,HIGH
0702-PGIBZ,0.804,HIGH
0390-DCFDQ,0.804,HIGH
4854-CIDCF,0.8039,HIGH
4547-LYTDD,0.8036,HIGH
7568-PODML,0.8035,HIGH
6410-LEFEN,0.8034,HIGH
8087-LGYHQ,0.8033,HIGH
6047-YHPVI,0.8028,HIGH
2058-DCJBE,0.8028,HIGH
0637-YLETY,0.8026,HIGH
1866-RZZQS,0.8025,HIGH
9907-SWKKF,0.802,HIGH
4633-MKHYU,0.802,HIGH
5561-NWEVX,0.8019,HIGH
6032-IGALN,0.8017,HIGH
1000-AJSLD,0.8016,HIGH
1240-KNSEZ,0.8016,HIGH
8519-QJGJD,0.8013,HIGH
4958-XCBDQ,0.8013,HIGH
7508-MYBOG,0.8012,HIGH
1635-FJFCC,0.801,HIGH
1624-NALOJ,0.8008,HIGH
7537-RBWEA,0.8008,HIGH
6032-KRXXO,0.8005,HIGH
8364-TRMMK,0.8003,HIGH
7252-NTGSS,0.8001,HIGH
1024-VRZHF,0.7999,HIGH
2485-ITVKB,0.7997,HIGH
1400-MMYXY,0.7997,HIGH
1508-DFXCU,0.7995,HIGH
6029-WTIPC,0.7995,HIGH
4800-VHZKI,0.7994,HIGH
7615-ESMYF,0.7994,HIGH
9492-TOKRI,0.7993,HIGH
0224-HJAPT,0.7993,HIGH
5222-IMUKT,0.7993,HIGH
6496-SLWHQ,0.7993,HIGH
8510-AWCXC,0.7988,HIGH
3640-PHQXK,0.7985,HIGH
9399-APLBT,0.7982,HIGH
2103-ZRXFN,0.7978,HIGH
5729-KLZAR,0.7974,HIGH
0679-IDSTG,0.797,HIGH
6331-EWIEB,0.7968,HIGH
6923-EFPNL,0.7966,HIGH
3320-VEOYC,0.7964,HIGH
2984-MIIZL,0.7962,HIGH
9812-GHVRI,0.796,HIGH
9450-TRJUU,0.7959,HIGH
8280-MQRQN,0.7959,HIGH
9094-AZPHK,0.7958,HIGH
2568-BRGYX,0.7956,HIGH
0248-IPDFW,0.7956,HIGH
6712-OAWRH,0.7954,HIGH
7754-IXRMC,0.7954,HIGH
0495-ZBNGW,0.7953,HIGH
6393-WRYZE,0.7953,HIGH
7586-ZATGZ,0.7952,HIGH
6582-OIVSP,0.7948,HIGH
4505-EXZHB,0.7945,HIGH
5167-ZFFMM,0.7942,HIGH
3834-XUIFC,0.7939,HIGH
7235-NXZCP,0.7936,HIGH
6959-UWKHF,0.7932,HIGH
0529-ONKER,0.7929,HIGH
2831-EBWRN,0.7928,HIGH
3317-HRTNN,0.7923,HIGH
1260-TTRXI,0.792,HIGH
5980-NOPLP,0.7918,HIGH
7339-POGZN,0.7918,HIGH
3754-DXMRT,0.7917,HIGH
2154-KVJFF,0.7917,HIGH
2951-QOQTK,0.7915,HIGH
4822-YCXMX,0.7913,HIGH
0843-WTBXE,0.7913,HIGH
4588-YBNIB,0.7912,HIGH
3372-KWFBM,0.7911,HIGH
9944-AEXBM,0.7911,HIGH
9494-MRNYX,0.791,HIGH
7065-YUNRY,0.791,HIGH
0940-OUQEC,0.7906,HIGH
0581-MDMPW,0.7906,HIGH
1608-GMEWB,0.7906,HIGH
7384-GHBPI,0.7902,HIGH
8066-POXGX,0.79,HIGH
5027-XWQHA,0.7897,HIGH
9625-QSTYE,0.7893,HIGH
6877-TJMBR,0.7888,HIGH
8260-NGFNY,0.7888,HIGH
9391-EOYLI,0.7887,HIGH
5692-FPTAH,0.7885,HIGH
2275-RBYQS,0.7885,HIGH
2740-TVLFN,0.7881,HIGH
8263-JQAIK,0.788,HIGH
8417-FMLZI,0.788,HIGH
1965-AKTSX,0.7879,HIGH
7402-EYFXX,0.7875,HIGH
0334-GDDSO,0.7874,HIGH
8519-IMDHU,0.7872,HIGH
5868-YWPDW,0.7863,HIGH
5759-RCVCB,0.7863,HIGH
3223-WZWJM,0.7861,HIGH
1918-ZBFQJ,0.7861,HIGH
8337-MSSXB,0.7861,HIGH
4367-NHWMM,0.786,HIGH
0023-XUOPT,0.7859,HIGH
4423-YLHDV,0.7852,HIGH
7089-IVVAZ,0.7851,HIGH
7598-UAASY,0.785,HIGH
4927-WWOOZ,0.7849,HIGH
2472-OVKUP,0.7838,HIGH
5144-TVGLP,0.7836,HIGH
9133-AYJZG,0.7836,HIGH
7495-OOKFY,0.7835,HIGH
3413-BMNZE,0.7832,HIGH
1976-CFOCS,0.783,HIGH
0880-TKATG,0.7826,HIGH
6204-IEUXJ,0.7823,HIGH
7881-INRLC,0.7823,HIGH
4193-ORFCL,0.782,HIGH
2876-VBBBL,0.7818,HIGH
9490-DFPMD,0.7818,HIGH
0670-KDOMA,0.7818,HIGH
8361-LTMKD,0.7817,HIGH
1478-VPOAD,0.7816,HIGH
3319-DWOEP,0.7815,HIGH
8225-BTJAU,0.7814,HIGH
8937-RDTHP,0.7814,HIGH
6394-MFYNG,0.7811,HIGH
2077-MPJQO,0.781,HIGH
6233-HXJMX,0.781,HIGH
8276-MQBYC,0.7808,HIGH
3946-MHCZW,0.7808,HIGH
0420-HLGXF,0.7808,HIGH
7314-OXENN,0.7805,HIGH
0067-DKWBL,0.7805,HIGH
9725-SCPZG,0.7804,HIGH
3884-HCSWG,0.7801,HIGH
8617-ENBDS,0.7799,HIGH
5228-EXCET,0.7797,HIGH
9330-IJWIO,0.7795,HIGH
4441-NIHPT,0.7794,HIGH
9631-XEYKE,0.7794,HIGH
4315-MURBD,0.7793,HIGH
8189-XRIKE,0.7793,HIGH
7562-GSUHK,0.7791,HIGH
8642-GVWRF,0.7791,HIGH
8873-GLDMH,0.7788,HIGH
2688-BHGOG,0.7786,HIGH
4570-QHXHL,0.7785,HIGH
3621-CEOVK,0.7784,HIGH
5628-FCGYG,0.7781,HIGH
0680-DFNNY,0.778,HIGH
8990-ZXLSU,0.7779,HIGH
9895-VFOXH,0.7778,HIGH
4817-VYYWS,0.7777,HIGH
2386-LAHRK,0.7775,HIGH
3663-MITLP,0.777,HIGH
8182-BJDSI,0.7767,HIGH
8775-CEBBJ,0.7765,HIGH
0689-NKYLF,0.7764,HIGH
3186-BAXNB,0.7758,HIGH
0947-IDHRQ,0.7757,HIGH
7938-OUHIO,0.7756,HIGH
9348-YVOMK,0.7744,HIGH
7242-QZLXF,0.7744,HIGH
7783-YKGDV,0.7744,HIGH
9600-NAXZN,0.7742,HIGH
7410-YTJIK,0.7741,HIGH
7218-HKQFK,0.7736,HIGH
3097-NQYSN,0.7736,HIGH
0504-HHAPI,0.7736,HIGH
4971-PUYQO,0.7733,HIGH
6145-NNPNO,0.7733,HIGH
0923-PNFUB,0.7728,HIGH
6825-UYPFK,0.7726,HIGH
6390-DSAZX,0.7725,HIGH
1875-QIVME,0.7725,HIGH
6101-IMRMM,0.7724,HIGH
1660-HSOOQ,0.7721,HIGH
8313-NDOIA,0.7721,HIGH
4873-ILOLJ,0.772,HIGH
4918-QLLIW,0.7718,HIGH
0011-IGKFF,0.7717,HIGH
9897-KXHCM,0.7716,HIGH
5950-AAAGJ,0.7712,HIGH
9334-GWGOW,0.7712,HIGH
8709-KRDVL,0.7711,HIGH
0921-OHLVP,0.7711,HIGH
9685-WKZGT,0.7708,HIGH
0013-EXCHZ,0.7707,HIGH
3050-GBUSH,0.7707,HIGH
6158-HDPXZ,0.7698,HIGH
9239-ZBZZV,0.7698,HIGH
4919-MOAVT,0.7696,HIGH
9753-OYLBX,0.7695,HIGH
2002-MZHWP,0.7695,HIGH
3452-ABWRL,0.7692,HIGH
5630-IXDXV,0.7691,HIGH
1853-UDXBW,0.769,HIGH
0402-CQAJN,0.769,HIGH
0337-CNPZE,0.769,HIGH
3278-FSIXX,0.7684,HIGH
0093-EXYQL,0.7684,HIGH
9415-DPEWS,0.7682,HIGH
7593-XFKDI,0.7682,HIGH
7321-PKUYW,0.7679,HIGH
6615-NGGZJ,0.7678,HIGH
2495-INZWQ,0.7678,HIGH
9448-REEVD,0.7675,HIGH
3859-CVCET,0.7673,HIGH
8922-LIEGH,0.7671,HIGH
4884-ZTHVF,0.767,HIGH
9420-LOJKX,0.7665,HIGH
9136-ALYBR,0.7664,HIGH
3334-CTHOL,0.766,HIGH
6432-TWQLB,0.7656,HIGH
7442-YGZFK,0.7654,HIGH
4201-JMNGR,0.765,HIGH
0004-TLHLJ,0.765,HIGH
1794-HBQTJ,0.7649,HIGH
2955-PSXOE,0.7646,HIGH
3496-LFSZU,0.7646,HIGH
9026-RNUJS,0.7645,HIGH
1942-OQFRW,0.7643,HIGH
4662-EKDPQ,0.7643,HIGH
7517-LDMPS,0.7643,HIGH
2189-WWOEW,0.7642,HIGH
5348-CAGXB,0.7639,HIGH
5293-WXJAK,0.7636,HIGH
4009-ALQFH,0.7635,HIGH
1723-HKXJQ,0.7635,HIGH
9269-CQOOL,0.763,HIGH
5908-QMGOE,0.7628,HIGH
8486-AYEQH,0.7626,HIGH
1895-QTKDO,0.7621,HIGH
3420-YJLQT,0.762,HIGH
2952-QAYZF,0.7619,HIGH
3223-DWFIO,0.7618,HIGH
4636-QRJKY,0.7617,HIGH
9801-GDWGV,0.7617,HIGH
1236-WFCDV,0.7616,HIGH
5299-RULOA,0.7613,HIGH
5175-AOBHI,0.7611,HIGH
2833-SLKDQ,0.761,HIGH
5356-RHIPP,0.7608,HIGH
8305-VHZBZ,0.7608,HIGH
1062-LHZOD,0.7606,HIGH
4585-HETAI,0.7601,HIGH
8229-TNIQA,0.76,HIGH
0988-JRWWP,0.76,HIGH
0772-GYEQQ,0.7599,HIGH
9600-UDOPK,0.7598,HIGH
8309-IEYJD,0.7596,HIGH
2672-OJQZP,0.7596,HIGH
5364-XYIRR,0.7594,HIGH
2369-FEVNO,0.7593,HIGH
4273-MBHYA,0.7593,HIGH
2476-YGEFM,0.7589,HIGH
5392-AKEMH,0.7585,HIGH
2905-KFQUV,0.7584,HIGH
6907-NZZIJ,0.7579,HIGH
2568-OIADY,0.7576,HIGH
6198-RTPMF,0.7572,HIGH
8290-YWKHZ,0.7571,HIGH
7693-LCKZL,0.7571,HIGH
0137-OCGAB,0.7569,HIGH
5747-PMBSQ,0.7565,HIGH
6599-SFQVE,0.7565,HIGH
0315-LVCRK,0.7563,HIGH
6344-SFJVH,0.7562,HIGH
0415-MOSGF,0.7562,HIGH
8938-UMKPI,0.756,HIGH
4439-JMPMT,0.756,HIGH
6142-VSJQO,0.7559,HIGH
7005-CCBKV,0.7558,HIGH
5868-CZJDR,0.7555,HIGH
3439-GVUSX,0.7555,HIGH
0330-IVZHA,0.7552,HIGH
8107-KNCIM,0.7552,HIGH
5288-AHOUP,0.7552,HIGH
5896-NPFWW,0.7551,HIGH
5365-LLFYV,0.7551,HIGH
5883-GTGVD,0.7551,HIGH
1194-HVAIF,0.7549,HIGH
5696-QURRL,0.7546,HIGH
3703-VAVCL,0.7543,HIGH
2869-ADAWR,0.7543,HIGH
9121-PHQSR,0.7542,HIGH
8699-ASUFO,0.754,HIGH
5366-IJEQJ,0.7539,HIGH
2656-FMOKZ,0.7539,HIGH
5650-VDUDS,0.7538,HIGH
3258-SANFR,0.7534,HIGH
8017-LXHFA,0.7534,HIGH
5981-ITEMU,0.7533,HIGH
9221-OTIVJ,0.7531,HIGH
4631-OACRM,0.7528,HIGH
5989-PGKJB,0.7522,HIGH
4290-BSXUX,0.7521,HIGH
2344-JMOGN,0.7515,HIGH
7801-KICAO,0.7514,HIGH
9244-ZVAPM,0.7513,HIGH
0168-XZKBB,0.7512,HIGH
6116-RFVHN,0.7512,HIGH
8397-MVTAZ,0.7505,HIGH
0396-YCHWO,0.7505,HIGH
7379-POKDZ,0.7505,HIGH
1596-BBVTG,0.7504,HIGH
2187-PKZAY,0.7501,HIGH
4729-XKASR,0.7501,HIGH
1448-PWKYE,0.7498,MEDIUM
8413-VONUO,0.7497,MEDIUM
9560-ARGQJ,0.7495,MEDIUM
2465-BLLEU,0.7494,MEDIUM
3771-PZOBW,0.7493,MEDIUM
4291-SHSBH,0.7492,MEDIUM
9174-FKWZE,0.7491,MEDIUM
6330-JKLPC,0.7491,MEDIUM
0727-IWKVK,0.7487,MEDIUM
0524-IAVZO,0.7486,MEDIUM
0280-XJGEX,0.7485,MEDIUM
9763-PDTKK,0.7483,MEDIUM
7861-UVUFT,0.7482,MEDIUM
3956-MGXOG,0.7481,MEDIUM
1600-DILPE,0.748,MEDIUM
0434-CSFON,0.7475,MEDIUM
9117-SHLZX,0.7475,MEDIUM
0887-HJGAR,0.7475,MEDIUM
1075-BGWOH,0.7472,MEDIUM
3070-DVEYC,0.7471,MEDIUM
9961-JBNMK,0.747,MEDIUM
5052-PNLOS,0.747,MEDIUM
4301-VVZKA,0.7469,MEDIUM
9190-MFJLN,0.7468,MEDIUM
1335-NTIUC,0.7468,MEDIUM
6595-COKXZ,0.7466,MEDIUM
4959-JOSRX,0.7465,MEDIUM
2346-DJQTB,0.7461,MEDIUM
2845-AFFTX,0.7458,MEDIUM
1501-SGHBW,0.7457,MEDIUM
8720-RQSBJ,0.7457,MEDIUM
6689-KXGBO,0.7448,MEDIUM
8660-BUETV,0.7446,MEDIUM
7952-OBOYL,0.7446,MEDIUM
2430-USGXP,0.7442,MEDIUM
5271-DBYSJ,0.7442,MEDIUM
9050-QLROH,0.7442,MEDIUM
6877-LGWXO,0.7439,MEDIUM
8356-WUAOJ,0.7438,MEDIUM
3566-HJGPK,0.7437,MEDIUM
3877-JRJIP,0.7435,MEDIUM
8849-AYPTR,0.7431,MEDIUM
7016-BPGEU,0.7431,MEDIUM
3606-TWKGI,0.7429,MEDIUM
3295-YVUSR,0.7427,MEDIUM
9828-AOQLM,0.7423,MEDIUM
4727-MCYZG,0.742,MEDIUM
4659-NZRUF,0.742,MEDIUM
6464-KEXXH,0.7418,MEDIUM
1112-CUNAO,0.741,MEDIUM
4237-RLAQD,0.7408,MEDIUM
5133-POWUA,0.7406,MEDIUM
1475-VWVDO,0.7406,MEDIUM
7481-ATQQS,0.7405,MEDIUM
6629-CZTTH,0.7405,MEDIUM
3966-HRMZA,0.7398,MEDIUM
4816-LXZYW,0.7397,MEDIUM
8634-MPHTR,0.7396,MEDIUM
4021-RQSNY,0.7392,MEDIUM
5244-IRFIH,0.7391,MEDIUM
0093-XWZFY,0.7386,MEDIUM
6821-BUXUX,0.7384,MEDIUM
6005-OBZPH,0.7383,MEDIUM
8821-XNHVZ,0.7381,MEDIUM
6876-ADESB,0.7381,MEDIUM
0644-OQMDK,0.7381,MEDIUM
2265-CYWIV,0.738,MEDIUM
5519-YLDGW,0.738,MEDIUM
7392-YYPYJ,0.738,MEDIUM
7903-CMPEY,0.7373,MEDIUM
6543-XRMYR,0.7373,MEDIUM
6860-YRJZP,0.7372,MEDIUM
9851-QXEEQ,0.7372,MEDIUM
6641-XRPSU,0.7371,MEDIUM
3565-UNOCC,0.7371,MEDIUM
7395-IGJOS,0.737,MEDIUM
3838-OZURD,0.7368,MEDIUM
7243-LCGGZ,0.7367,MEDIUM
3453-RTHJQ,0.7367,MEDIUM
7434-SHXLS,0.7367,MEDIUM
0426-TIRNE,0.7367,MEDIUM
3995-WFCSM,0.7365,MEDIUM
9253-QXKBE,0.7365,MEDIUM
1751-NCDLI,0.7363,MEDIUM
2277-VWCNI,0.7363,MEDIUM
9584-EXCDZ,0.7362,MEDIUM
6772-KSATR,0.736,MEDIUM
5138-WVKYJ,0.736,MEDIUM
4597-NUCQV,0.7357,MEDIUM
3737-GCSPV,0.7357,MEDIUM
3249-ZPQRG,0.7354,MEDIUM
7020-OZKXZ,0.7353,MEDIUM
4671-LXRDQ,0.7351,MEDIUM
9658-WYUFB,0.7351,MEDIUM
9274-UARKJ,0.7349,MEDIUM
3208-YPIOE,0.7348,MEDIUM
1769-GRUIK,0.7345,MEDIUM
3951-NJCVI,0.7345,MEDIUM
2800-VEQXM,0.7345,MEDIUM
4612-SSVHJ,0.7343,MEDIUM
5076-YVXCM,0.7341,MEDIUM
1254-IZEYF,0.7341,MEDIUM
3943-KDREE,0.7341,MEDIUM
7377-DMMRI,0.7338,MEDIUM
9957-YODKZ,0.7336,MEDIUM
9102-IAYHT,0.7333,MEDIUM
0621-TWIEM,0.7332,MEDIUM
1450-GALXR,0.7332,MEDIUM
2604-XVDAM,0.7326,MEDIUM
8676-TRMJS,0.7324,MEDIUM
0899-LIIBW,0.7324,MEDIUM
4317-VTEOA,0.7324,MEDIUM
5609-CEBID,0.7321,MEDIUM
2254-DLXRI,0.7318,MEDIUM
2398-YPMUR,0.7318,MEDIUM
7240-ETPTR,0.7314,MEDIUM
9189-JWSHV,0.7314,MEDIUM
5019-GQVCR,0.7314,MEDIUM
9919-KNPOO,0.7311,MEDIUM
0018-NYROU,0.7309,MEDIUM
5599-HVLTW,0.7303,MEDIUM
8242-JSVBO,0.7302,MEDIUM
8073-IJDCM,0.7301,MEDIUM
0447-RXSGD,0.7291,MEDIUM
8020-BWHYL,0.729,MEDIUM
8806-EAGWC,0.729,MEDIUM
3473-XIIIT,0.7287,MEDIUM
5119-KEPFY,0.7285,MEDIUM
4634-JLRJT,0.7283,MEDIUM
9208-OLGAQ,0.7281,MEDIUM
2074-GKOWZ,0.7281,MEDIUM
2057-ZBLPD,0.728,MEDIUM
0684-AOSIH,0.7279,MEDIUM
5208-HFSBT,0.7278,MEDIUM
3671-SHRSP,0.7278,MEDIUM
0620-DLSLK,0.7274,MEDIUM
7321-VGNKU,0.7274,MEDIUM
8614-VGMMV,0.7272,MEDIUM
3580-REOAC,0.727,MEDIUM
3058-WQDRE,0.7269,MEDIUM
3990-QYKBE,0.7269,MEDIUM
8118-LSUEL,0.7267,MEDIUM
2108-XWMPY,0.7262,MEDIUM
4257-GAESD,0.7255,MEDIUM
7989-CHGTL,0.7251,MEDIUM
5331-RGMTT,0.7247,MEDIUM
8875-AKBYH,0.7246,MEDIUM
4128-ETESU,0.7246,MEDIUM
4433-JCGCG,0.7245,MEDIUM
2722-JMONI,0.724,MEDIUM
0032-PGELS,0.7239,MEDIUM
0329-GTIAJ,0.7238,MEDIUM
2207-NHRJK,0.7237,MEDIUM
6338-AVWCY,0.7234,MEDIUM
3801-HMYNL,0.7232,MEDIUM
3346-BRMIS,0.723,MEDIUM
5976-JCJRH,0.7229,MEDIUM
1845-ZLLIG,0.7229,MEDIUM
8696-JKZNU,0.7225,MEDIUM
4360-PNRQB,0.722,MEDIUM
4661-NJEUX,0.722,MEDIUM
7511-YMXVQ,0.722,MEDIUM
1731-TVIUK,0.7218,MEDIUM
4067-HLYQI,0.7217,MEDIUM
3957-LXOLK,0.7217,MEDIUM
2235-DWLJU,0.7216,MEDIUM
7270-BDIOA,0.7214,MEDIUM
2371-JQHZZ,0.7209,MEDIUM
3002-WQZWT,0.7208,MEDIUM
2034-CGRHZ,0.7202,MEDIUM
8868-WOZGU,0.7202,MEDIUM
0778-NELLA,0.7198,MEDIUM
3422-GALYP,0.7196,MEDIUM
2027-FECZV,0.7196,MEDIUM
2320-JRSDE,0.7193,MEDIUM
5949-XIKAE,0.7193,MEDIUM
6143-JQKEA,0.7192,MEDIUM
5899-MQZZL,0.7189,MEDIUM
6715-OFDBP,0.7184,MEDIUM
3440-JPSCL,0.7184,MEDIUM
2754-VDLTR,0.7183,MEDIUM
1465-VINDH,0.718,MEDIUM
0114-PEGZZ,0.7179,MEDIUM
8456-QDAVC,0.7179,MEDIUM
5047-LHVLY,0.7179,MEDIUM
0306-JAELE,0.7178,MEDIUM
1628-BIZYP,0.7177,MEDIUM
5380-WJKOV,0.7175,MEDIUM
7580-UGXNC,0.717,MEDIUM
7967-HYCDE,0.7167,MEDIUM
1428-GTBJJ,0.7166,MEDIUM
4432-ADRLB,0.7166,MEDIUM
5027-QPKTE,0.7156,MEDIUM
5569-KGJHX,0.7155,MEDIUM
3536-IQCTX,0.7151,MEDIUM
2983-ZANRP,0.715,MEDIUM
7250-EQKIY,0.7145,MEDIUM
7853-GVUDZ,0.7144,MEDIUM
6851-WEFYX,0.7144,MEDIUM
4652-NNHNY,0.7141,MEDIUM
6435-SRWBJ,0.7141,MEDIUM
1685-VAYJF,0.7139,MEDIUM
9692-TUSXH,0.7136,MEDIUM
6331-LWDTQ,0.7134,MEDIUM
2842-BCQGE,0.713,MEDIUM
7890-VYYWG,0.7129,MEDIUM
3538-WZPHD,0.7128,MEDIUM
7029-RPUAV,0.7121,MEDIUM
9606-PBKBQ,0.7118,MEDIUM
8485-GJCDN,0.7112,MEDIUM
5955-ERIHD,0.7109,MEDIUM
6379-RXJRQ,0.7104,MEDIUM
5624-BQSSA,0.7102,MEDIUM
4236-XPXAV,0.7101,MEDIUM
3961-SXAXY,0.7098,MEDIUM
8854-CCVSQ,0.7095,MEDIUM
0928-JMXNP,0.7093,MEDIUM
3365-SAIGS,0.7092,MEDIUM
3955-JBZZM,0.7091,MEDIUM
9514-JDSKI,0.709,MEDIUM
5373-SFODM,0.7089,MEDIUM
0927-LCSMG,0.7089,MEDIUM
4361-JEIVL,0.7085,MEDIUM
1777-JYQPJ,0.7082,MEDIUM
9889-TMAHG,0.7082,MEDIUM
6956-SMUCM,0.7081,MEDIUM
5044-LRQAQ,0.7078,MEDIUM
3097-NNSPB,0.7074,MEDIUM
9462-MJUAW,0.7068,MEDIUM
5028-HTLJB,0.7064,MEDIUM
0491-KAPQG,0.7062,MEDIUM
2232-DMLXU,0.7061,MEDIUM
8648-PFRMP,0.706,MEDIUM
3858-VOBET,0.7059,MEDIUM
6994-KERXL,0.7057,MEDIUM
6650-VJONK,0.7054,MEDIUM
5649-ANRML,0.705,MEDIUM
3085-QUOZK,0.7043,MEDIUM
2482-CZGBB,0.7043,MEDIUM
5216-WASFJ,0.7042,MEDIUM
1792-UXAFY,0.7038,MEDIUM
3426-NIYYL,0.7037,MEDIUM
8651-ENBZX,0.7037,MEDIUM
4929-XIHVW,0.7036,MEDIUM
5307-DZCVC,0.7036,MEDIUM
3791-LGQCY,0.7034,MEDIUM
0570-BFQHT,0.7032,MEDIUM
1626-ERCMM,0.7032,MEDIUM
1571-SAVHK,0.7027,MEDIUM
1302-UHBDD,0.7027,MEDIUM
1077-HUUJM,0.7026,MEDIUM
1041-RXHRA,0.7024,MEDIUM
3446-QDSZF,0.7023,MEDIUM
3296-SILRA,0.7022,MEDIUM
4480-QQRHC,0.7022,MEDIUM
8665-UTDHZ,0.7019,MEDIUM
7668-XCFYV,0.7017,MEDIUM
3254-YRILK,0.7016,MEDIUM
4184-TJFAN,0.7016,MEDIUM
8993-IZEUX,0.7014,MEDIUM
5956-YHHRX,0.7012,MEDIUM
7855-DIWPO,0.701,MEDIUM
8224-DWCKX,0.7009,MEDIUM
8270-RKSAP,0.7007,MEDIUM
8242-SOQUO,0.7007,MEDIUM
4208-UFFGW,0.7005,MEDIUM
9214-EKVXR,0.7004,MEDIUM
1910-FMXJM,0.7,MEDIUM
6905-NIQIN,0.6999,MEDIUM
9601-BRXPO,0.6998,MEDIUM
3744-ZRRDZ,0.6997,MEDIUM
2665-NPTGL,0.6997,MEDIUM
7734-DBOAI,0.6996,MEDIUM
3165-HDOEW,0.6991,MEDIUM
1960-UYCNN,0.6988,MEDIUM
8630-FJLIB,0.6987,MEDIUM
8625-AZYZY,0.6987,MEDIUM
8010-EZLOU,0.6979,MEDIUM
7982-VCELR,0.6978,MEDIUM
8784-CGILN,0.6975,MEDIUM
2674-MIAHT,0.6973,MEDIUM
5940-NFXKV,0.6973,MEDIUM
4238-JSSWH,0.6972,MEDIUM
7567-ECMCM,0.6972,MEDIUM
4629-NRXKX,0.697,MEDIUM
1597-LHYNC,0.6969,MEDIUM
9992-RRAMN,0.6968,MEDIUM
6127-IYJOZ,0.6968,MEDIUM
0601-WZHJF,0.6967,MEDIUM
1226-IENZN,0.6962,MEDIUM
3672-YITQD,0.6958,MEDIUM
3096-GKWEB,0.6957,MEDIUM
4910-AQFFX,0.6956,MEDIUM
4061-UKJWL,0.6955,MEDIUM
8950-MTZNV,0.6955,MEDIUM
6729-GDNGC,0.6954,MEDIUM
6227-HWPWX,0.6944,MEDIUM
9436-ZBZCT,0.6942,MEDIUM
9506-UXUSK,0.694,MEDIUM
9947-OTFQU,0.6939,MEDIUM
3521-SYVOR,0.6937,MEDIUM
3668-QPYBK,0.6936,MEDIUM
5520-FVEWJ,0.6933,MEDIUM
5502-RLUYV,0.6932,MEDIUM
8445-DNBAE,0.6932,MEDIUM
6407-UTSLV,0.6932,MEDIUM
5652-MSDEY,0.6931,MEDIUM
4395-PZMSN,0.6926,MEDIUM
3143-JQEGI,0.6926,MEDIUM
6661-HBGWL,0.6923,MEDIUM
3488-PGMQJ,0.6921,MEDIUM
1226-UDFZR,0.6918,MEDIUM
8837-VVWLQ,0.6912,MEDIUM
8685-WHQPW,0.6912,MEDIUM
6771-XWBDM,0.6911,MEDIUM
7802-EFKNY,0.691,MEDIUM
5136-GFPMB,0.6909,MEDIUM
0430-IHCDJ,0.6907,MEDIUM
2957-LOLHO,0.6906,MEDIUM
8096-LOIST,0.6905,MEDIUM
3148-BLQJT,0.6905,MEDIUM
3808-HFKDE,0.6901,MEDIUM
0207-MDKNV,0.6896,MEDIUM
3891-PUQOD,0.6891,MEDIUM
2091-RFFBA,0.6889,MEDIUM
7979-CORPM,0.6889,MEDIUM
9773-PEQBZ,0.6881,MEDIUM
2501-XWWTZ,0.688,MEDIUM
0397-GZBBC,0.688,MEDIUM
3191-CSNMG,0.6879,MEDIUM
0378-NHQXU,0.6877,MEDIUM
5480-TBGPH,0.6876,MEDIUM
8481-YYXWG,0.6873,MEDIUM
2799-ARNLO,0.6873,MEDIUM
4815-GBTCD,0.6872,MEDIUM
2018-QKYGT,0.687,MEDIUM
6892-XPFPU,0.6862,MEDIUM
4598-XLKNJ,0.6859,MEDIUM
3803-KMQFW,0.6857,MEDIUM
0107-WESLM,0.6856,MEDIUM
1066-JKSGK,0.6854,MEDIUM
1934-SJVJK,0.6854,MEDIUM
1597-FZREH,0.6854,MEDIUM
2719-BDAQO,0.6852,MEDIUM
7780-OTDSO,0.6848,MEDIUM
9588-OZDMQ,0.6845,MEDIUM
4373-MAVJG,0.6844,MEDIUM
0411-EZJZE,0.6843,MEDIUM
3717-OEAUQ,0.6842,MEDIUM
6100-QQHEB,0.6842,MEDIUM
8496-EJAUI,0.6839,MEDIUM
3999-QGRJH,0.6838,MEDIUM
0654-HMSHN,0.6838,MEDIUM
2920-RNCEZ,0.6837,MEDIUM
4289-DTDKW,0.6837,MEDIUM
1730-ZMAME,0.6833,MEDIUM
1469-LBJQJ,0.6827,MEDIUM
6402-ZFPPI,0.6827,MEDIUM
7851-FLGGQ,0.6823,MEDIUM
4255-DDUOU,0.6822,MEDIUM
0258-NOKBL,0.6819,MEDIUM
2845-HSJCY,0.6812,MEDIUM
2107-FBPTK,0.6801,MEDIUM
5117-IFGPS,0.68,MEDIUM
4770-UEZOX,0.6799,MEDIUM
3647-GMGDH,0.6798,MEDIUM
5130-IEKQT,0.6798,MEDIUM
4523-WXCEF,0.6797,MEDIUM
4385-GZQXV,0.6797,MEDIUM
8064-RAVOH,0.6796,MEDIUM
4183-MYFRB,0.6796,MEDIUM
7018-WBJNK,0.6793,MEDIUM
3755-JBMNH,0.6793,MEDIUM
6615-ZGEDR,0.6792,MEDIUM
7892-POOKP,0.679,MEDIUM
1323-OOEPC,0.679,MEDIUM
7044-YAACC,0.6789,MEDIUM
4013-UBXWQ,0.6789,MEDIUM
6719-OXYBR,0.6788,MEDIUM
6705-LXORM,0.6787,MEDIUM
6982-SSHFK,0.6786,MEDIUM
2519-FAKOD,0.6784,MEDIUM
5712-PTIWW,0.6782,MEDIUM
7632-MNYOY,0.6782,MEDIUM
1025-FALIX,0.6779,MEDIUM
1582-RAFML,0.6773,MEDIUM
7508-SMHXL,0.677,MEDIUM
6595-YGXIT,0.6764,MEDIUM
9799-CAYJJ,0.6762,MEDIUM
9112-WSNPU,0.6761,MEDIUM
3627-FHKBK,0.6759,MEDIUM
3452-GWUIN,0.6759,MEDIUM
0895-DQHEW,0.6759,MEDIUM
9874-QLCLH,0.6758,MEDIUM
8710-YGLWG,0.6758,MEDIUM
7225-CBZPL,0.6756,MEDIUM
7901-HXJVA,0.6756,MEDIUM
7181-BQYBV,0.6754,MEDIUM
9903-LYSAB,0.6754,MEDIUM
8757-TFHHJ,0.6752,MEDIUM
7752-XUSCI,0.6749,MEDIUM
6599-CEBNN,0.6749,MEDIUM
7137-RYLPP,0.6747,MEDIUM
6900-PXRMS,0.6746,MEDIUM
2933-FILNV,0.6743,MEDIUM
1624-WOIWJ,0.6741,MEDIUM
9992-UJOEL,0.6737,MEDIUM
3703-KBKZP,0.6735,MEDIUM
3384-CTMSF,0.6734,MEDIUM
8374-XGEJJ,0.6734,MEDIUM
1016-DJTSV,0.6734,MEDIUM
0946-CLJTI,0.6731,MEDIUM
6786-OBWQR,0.673,MEDIUM
1391-UBDAR,0.6729,MEDIUM
8739-WWKDU,0.6727,MEDIUM
8800-JOOCF,0.6726,MEDIUM
8490-BXHEO,0.6725,MEDIUM
8111-SLLHI,0.6724,MEDIUM
1310-QRITU,0.6724,MEDIUM
8266-VBFQL,0.6722,MEDIUM
8063-RJYNF,0.672,MEDIUM
4146-SVFUD,0.6717,MEDIUM
8584-KMVXD,0.6713,MEDIUM
9524-EGPJC,0.6713,MEDIUM
4678-DVQEO,0.671,MEDIUM
5858-EAFCZ,0.6709,MEDIUM
5091-HFAZW,0.6709,MEDIUM
1689-YQBYY,0.6709,MEDIUM
4566-NECEV,0.6708,MEDIUM
6347-DCUIK,0.6706,MEDIUM
2856-NNASM,0.6703,MEDIUM
4484-GLZOU,0.6703,MEDIUM
7881-EVUAD,0.6701,MEDIUM
8149-AIQCG,0.6696,MEDIUM
3768-NLUBH,0.6695,MEDIUM
2884-GBPFB,0.6693,MEDIUM
5364-EVNIB,0.6692,MEDIUM
3500-RMZLT,0.6691,MEDIUM
9474-PHLYD,0.6683,MEDIUM
4592-IWTJI,0.6682,MEDIUM
9637-EIHEQ,0.6682,MEDIUM
2761-OCIAX,0.6681,MEDIUM
0322-YINQP,0.6679,MEDIUM
5572-ZDXHY,0.6679,MEDIUM
2929-ERCFZ,0.6677,MEDIUM
4566-GOLUK,0.6676,MEDIUM
4062-HBMOS,0.6676,MEDIUM
9796-BPKIW,0.6671,MEDIUM
8974-OVACP,0.667,MEDIUM
4030-VPZBD,0.6669,MEDIUM
4398-HSCJH,0.6668,MEDIUM
9355-NPPFS,0.6667,MEDIUM
4503-BDXBD,0.6666,MEDIUM
1173-NOEYG,0.6665,MEDIUM
6298-QDFNH,0.6663,MEDIUM
3930-ZGWVE,0.666,MEDIUM
7239-HZZCX,0.666,MEDIUM
6235-VDHOM,0.6659,MEDIUM
2195-ZRVAX,0.6658,MEDIUM
7207-RMRDB,0.6656,MEDIUM
6243-OZGFH,0.6656,MEDIUM
8008-HAWED,0.665,MEDIUM
5103-MHMHY,0.6649,MEDIUM
6339-YPSAH,0.6649,MEDIUM
6557-BZXLQ,0.6647,MEDIUM
3005-TYFRD,0.6642,MEDIUM
9518-RWHZL,0.6642,MEDIUM
2135-DQWAQ,0.6642,MEDIUM
3688-FTHLT,0.6638,MEDIUM
1213-NGCUN,0.6633,MEDIUM
2397-BRLOM,0.6632,MEDIUM
2979-SXESE,0.6632,MEDIUM
5442-XSDCW,0.663,MEDIUM
9578-VRMNM,0.663,MEDIUM
5356-CSVSQ,0.663,MEDIUM
5399-ZIMKF,0.6629,MEDIUM
7901-TBKJX,0.6626,MEDIUM
5536-RTPWK,0.6624,MEDIUM
2862-PFNIK,0.6623,MEDIUM
7534-BFESC,0.6622,MEDIUM
5219-YIPTK,0.6622,MEDIUM
9090-SGQXL,0.6621,MEDIUM
4902-OHLSK,0.6617,MEDIUM
3806-DXQOM,0.6615,MEDIUM
1591-NFNLQ,0.6613,MEDIUM
7142-HVGBG,0.6613,MEDIUM
7296-PIXQY,0.6607,MEDIUM
7129-CAKJW,0.6605,MEDIUM
6304-IJFSQ,0.6604,MEDIUM
0508-OOLTO,0.6604,MEDIUM
0617-FHSGK,0.6601,MEDIUM
2575-GFSOE,0.6595,MEDIUM
6137-NICCO,0.6595,MEDIUM
9821-POOTN,0.6594,MEDIUM
8610-WFCJF,0.6593,MEDIUM
2573-GYRUU,0.6592,MEDIUM
2080-CAZNM,0.6591,MEDIUM
2359-KMGLI,0.659,MEDIUM
3315-TOTBP,0.659,MEDIUM
6017-PPLPX,0.6587,MEDIUM
5485-WUYWF,0.6587,MEDIUM
5389-FFVKB,0.6585,MEDIUM
5590-BYNII,0.6582,MEDIUM
4553-DVPZG,0.6579,MEDIUM
7603-USHJS,0.6579,MEDIUM
4720-VSTSI,0.6578,MEDIUM
7206-PQBBZ,0.6577,MEDIUM
2506-CLAKW,0.6574,MEDIUM
6988-CJEYV,0.6572,MEDIUM
2739-CACDQ,0.6571,MEDIUM
7240-FQLHE,0.6568,MEDIUM
7404-JLKQG,0.6568,MEDIUM
2582-FFFZR,0.6567,MEDIUM
6734-GMPVK,0.6565,MEDIUM
3799-ISUZQ,0.6561,MEDIUM
3683-QKIUE,0.656,MEDIUM
8620-RJPZN,0.6552,MEDIUM
4446-BZKHU,0.6551,MEDIUM
4813-HQMGZ,0.655,MEDIUM
3866-MDTUB,0.6549,MEDIUM
5931-FLJJF,0.6548,MEDIUM
1047-NNCBF,0.6544,MEDIUM
1471-GIQKQ,0.6542,MEDIUM
6961-VCPMC,0.6542,MEDIUM
4077-CROMM,0.6541,MEDIUM
3658-KIBGF,0.6541,MEDIUM
6583-KQJLK,0.6538,MEDIUM
4223-WOZCM,0.6537,MEDIUM
1685-BQULA,0.6532,MEDIUM
8212-CRQXP,0.653,MEDIUM
4143-HHPMK,0.6527,MEDIUM
4948-WBBKL,0.6524,MEDIUM
0365-BZUWY,0.6524,MEDIUM
1907-UBQFC,0.6524,MEDIUM
9647-ERGBE,0.6523,MEDIUM
1324-NLTJE,0.6522,MEDIUM
9824-BEMCV,0.6521,MEDIUM
6581-NQCBA,0.6512,MEDIUM
5143-EGQFK,0.6512,MEDIUM
9530-EHPOH,0.6509,MEDIUM
1833-TCXKK,0.6508,MEDIUM
0876-WDUUZ,0.6507,MEDIUM
1251-KRREG,0.6507,MEDIUM
4892-VLANZ,0.6507,MEDIUM
5087-SUURX,0.6506,MEDIUM
0082-LDZUE,0.6505,MEDIUM
5543-QDCRY,0.6504,MEDIUM
7248-VZQLC,0.6504,MEDIUM
6542-LWGXJ,0.65,MEDIUM
1343-EHPYB,0.65,MEDIUM
5673-TIYIB,0.6498,MEDIUM
4987-GQWPO,0.6493,MEDIUM
5018-GWURO,0.649,MEDIUM
1891-UAWWU,0.649,MEDIUM
8012-SOUDQ,0.6485,MEDIUM
8844-TONUD,0.6484,MEDIUM
2504-DSHIH,0.6483,MEDIUM
6317-YPKDH,0.6482,MEDIUM
6987-XQSJT,0.6481,MEDIUM
6175-IRFIT,0.6481,MEDIUM
8802-UNOJF,0.6475,MEDIUM
9661-MHUMO,0.6473,MEDIUM
4536-PLEQY,0.6471,MEDIUM
8708-XPXHZ,0.6468,MEDIUM
9940-HPQPG,0.6468,MEDIUM
3992-YWPKO,0.6467,MEDIUM
9172-JITSM,0.6464,MEDIUM
6692-YQHXC,0.6462,MEDIUM
0480-BIXDE,0.646,MEDIUM
4704-ERYFC,0.6457,MEDIUM
8818-DOPVL,0.6452,MEDIUM
6141-OOXUQ,0.6451,MEDIUM
3785-NRHYR,0.6451,MEDIUM
5016-ETTFF,0.6451,MEDIUM
6927-WTFIV,0.6449,MEDIUM
1941-HOSAM,0.6448,MEDIUM
6652-YFFJO,0.6445,MEDIUM
5995-SNNEW,0.6445,MEDIUM
9432-VOFYX,0.6444,MEDIUM
2382-BCKQJ,0.6438,MEDIUM
2025-JKFWI,0.6437,MEDIUM
8155-IBNHG,0.6436,MEDIUM
0623-IIHUG,0.6435,MEDIUM
2079-FBMZK,0.6434,MEDIUM
8734-DKSTZ,0.6431,MEDIUM
0225-ZORZP,0.6415,MEDIUM
3807-XHCJH,0.6413,MEDIUM
3329-WDIOK,0.6411,MEDIUM
7112-OPOTK,0.641,MEDIUM
2657-VPXTA,0.6409,MEDIUM
6692-UDPJC,0.6402,MEDIUM
4846-WHAFZ,0.6398,MEDIUM
5119-NZPTV,0.6397,MEDIUM
5022-KVDQT,0.6397,MEDIUM
7703-ZEKEF,0.6396,MEDIUM
5057-LCOUI,0.6381,MEDIUM
9314-IJWSQ,0.6381,MEDIUM
0407-BDJKB,0.6381,MEDIUM
4831-EOBFE,0.6379,MEDIUM
9696-RMYBA,0.6374,MEDIUM
9565-DJPIB,0.6374,MEDIUM
2101-RANCD,0.6373,MEDIUM
3757-NJYBX,0.6372,MEDIUM
7663-RGWBC,0.637,MEDIUM
9412-GHEEC,0.6369,MEDIUM
9752-ZNQUT,0.6365,MEDIUM
2840-XANRC,0.6363,MEDIUM
2369-UAPKZ,0.6361,MEDIUM
2824-MYYBN,0.6359,MEDIUM
1393-IMKZG,0.6358,MEDIUM
0432-CAJZV,0.6358,MEDIUM
1309-BXVOQ,0.6355,MEDIUM
5590-YRFJT,0.6351,MEDIUM
3211-ILJTT,0.6348,MEDIUM
4647-MUZON,0.6344,MEDIUM
6048-QBXKL,0.6343,MEDIUM
5914-DVBWJ,0.6338,MEDIUM
7599-FKVXZ,0.6334,MEDIUM
5922-ABDVO,0.6326,MEDIUM
5600-KTXFM,0.6325,MEDIUM
6124-ACRHJ,0.6321,MEDIUM
2880-FPNAE,0.632,MEDIUM
7056-IMHCC,0.6319,MEDIUM
5233-AOZUF,0.6314,MEDIUM
0201-OAMXR,0.6311,MEDIUM
5923-GXUOC,0.6307,MEDIUM
7627-JKIAZ,0.6307,MEDIUM
8443-WVPSS,0.6306,MEDIUM
2626-URJFX,0.6304,MEDIUM
9767-FFLEM,0.6298,MEDIUM
0947-MUGVO,0.6298,MEDIUM
9261-WDCAF,0.6297,MEDIUM
2894-QOJRX,0.6294,MEDIUM
4013-TLDHQ,0.6294,MEDIUM
9526-BIHHD,0.6293,MEDIUM
4065-JJAVA,0.6292,MEDIUM
2955-BJZHG,0.629,MEDIUM
5449-FIBXJ,0.6288,MEDIUM
6260-ONULR,0.6287,MEDIUM
8601-QACRS,0.6286,MEDIUM
6906-ANDWJ,0.6284,MEDIUM
6502-HCJTI,0.6282,MEDIUM
5099-BAILX,0.6279,MEDIUM
7825-ECJRF,0.6276,MEDIUM
3804-RVTGV,0.6275,MEDIUM
4581-LNWUM,0.6275,MEDIUM
4690-LLKUA,0.6272,MEDIUM
4550-VBOFE,0.6269,MEDIUM
7278-CKDNC,0.6265,MEDIUM
0818-OCPZO,0.6265,MEDIUM
4465-VDKIQ,0.6264,MEDIUM
6215-NQCPY,0.6264,MEDIUM
3411-WLRSQ,0.6264,MEDIUM
2108-YKQTY,0.6262,MEDIUM
4566-QVRRW,0.6259,MEDIUM
7233-DRTRF,0.6259,MEDIUM
2528-HFYZX,0.6258,MEDIUM
6179-GJPSO,0.6257,MEDIUM
3023-GFLBR,0.6257,MEDIUM
0958-YHXGP,0.6249,MEDIUM
7312-XSBAT,0.6249,MEDIUM
1867-BDVFH,0.6249,MEDIUM
0848-ZGQIJ,0.6248,MEDIUM
9389-ACWBI,0.6248,MEDIUM
6128-DAFVY,0.6245,MEDIUM
5204-QZXPU,0.6245,MEDIUM
2685-SREOM,0.6245,MEDIUM
9667-EQRXU,0.6244,MEDIUM
0439-IFYUN,0.6243,MEDIUM
3656-TKRVZ,0.6242,MEDIUM
5515-RUGKN,0.624,MEDIUM
8160-HOWOX,0.6236,MEDIUM
5650-YLIBA,0.6235,MEDIUM
8819-IMISP,0.6233,MEDIUM
5394-SVGJV,0.6232,MEDIUM
5748-RNCJT,0.6232,MEDIUM
4558-FANTW,0.6224,MEDIUM
6305-YLBMM,0.622,MEDIUM
6103-BOCOU,0.622,MEDIUM
6507-ZJSUR,0.622,MEDIUM
7698-YFGEZ,0.6218,MEDIUM
4877-EVATK,0.6218,MEDIUM
0141-YEAYS,0.6217,MEDIUM
5649-VUKMC,0.6217,MEDIUM
6982-UQZLY,0.6217,MEDIUM
9912-GVSEQ,0.6216,MEDIUM
3196-NVXLZ,0.6215,MEDIUM
7878-JGDKK,0.6206,MEDIUM
5569-OUICF,0.6206,MEDIUM
1156-ZFYDO,0.6205,MEDIUM
4391-RESHN,0.6204,MEDIUM
2003-CKLOR,0.6198,MEDIUM
3352-ALMCK,0.6197,MEDIUM
6022-UGGSO,0.6197,MEDIUM
6286-SUUWT,0.6196,MEDIUM
1536-HBSWP,0.6189,MEDIUM
9003-CPATH,0.6187,MEDIUM
0749-IRGQE,0.6187,MEDIUM
3518-PZXZQ,0.6187,MEDIUM
7504-UWHNB,0.6184,MEDIUM
2439-LYPMQ,0.6183,MEDIUM
8286-AFUYI,0.6174,MEDIUM
4521-YEEHE,0.6174,MEDIUM
2249-YPRNG,0.6171,MEDIUM
9283-LZQOH,0.6169,MEDIUM
0970-QXPXW,0.6169,MEDIUM
7721-DVEKZ,0.6169,MEDIUM
8329-IBCTI,0.6169,MEDIUM
7730-IUTDZ,0.6167,MEDIUM
1771-OADNZ,0.6163,MEDIUM
5816-QVHRX,0.6162,MEDIUM
6377-WHAOX,0.616,MEDIUM
3685-YLCMQ,0.6158,MEDIUM
7957-RYHQD,0.6148,MEDIUM
5385-SUIRI,0.6147,MEDIUM
1754-GKYPY,0.6147,MEDIUM
5226-NOZFC,0.614,MEDIUM
6518-LGAOV,0.6139,MEDIUM
2100-BDNSN,0.6137,MEDIUM
5294-DMSFH,0.6136,MEDIUM
8679-JOEVF,0.6133,MEDIUM
0133-BMFZO,0.6133,MEDIUM
4559-UWIHT,0.6133,MEDIUM
2080-GKCWQ,0.613,MEDIUM
3540-RZJYU,0.613,MEDIUM
1450-SKCVI,0.6121,MEDIUM
0096-BXERS,0.6121,MEDIUM
2474-BRUCM,0.612,MEDIUM
1559-DTODC,0.6114,MEDIUM
5934-RMPOV,0.6113,MEDIUM
8565-CLBZW,0.6113,MEDIUM
9381-NDKME,0.6112,MEDIUM
0455-XFASS,0.6111,MEDIUM
3398-ZOUAA,0.6108,MEDIUM
5536-SLHPM,0.6107,MEDIUM
7503-QQRVF,0.61,MEDIUM
5146-CBVOE,0.6097,MEDIUM
9053-EJUNL,0.6096,MEDIUM
2774-LVQUS,0.6094,MEDIUM
6551-GNYDG,0.6092,MEDIUM
4786-UKSNZ,0.6092,MEDIUM
6380-ARCEH,0.6092,MEDIUM
3247-MHJKM,0.6092,MEDIUM
8048-DSDFQ,0.6092,MEDIUM
6172-FECYY,0.6088,MEDIUM
1670-SVOWZ,0.6087,MEDIUM
3144-AUDBS,0.6086,MEDIUM
3452-SRFEG,0.608,MEDIUM
5207-PLSTK,0.608,MEDIUM
3714-JTVOV,0.6075,MEDIUM
6180-YBIQI,0.6072,MEDIUM
8785-CJSHH,0.6072,MEDIUM
7128-GGCNO,0.6071,MEDIUM
6686-YPGHK,0.6069,MEDIUM
4369-HTUIF,0.6068,MEDIUM
4029-HPFVY,0.6068,MEDIUM
8903-XEBGX,0.6065,MEDIUM
8327-LZKAS,0.6062,MEDIUM
3727-JEZTU,0.6049,MEDIUM
1963-VAUKV,0.6049,MEDIUM
4983-CCWMC,0.6049,MEDIUM
0260-ZDLGK,0.6048,MEDIUM
3005-NFMTA,0.6045,MEDIUM
8058-DMYRU,0.6045,MEDIUM
1583-IHQZE,0.6044,MEDIUM
5522-JBWMO,0.6042,MEDIUM
7096-UCLNH,0.604,MEDIUM
8749-CLJXC,0.604,MEDIUM
3030-ZKIWL,0.604,MEDIUM
4803-AXVYP,0.6038,MEDIUM
6862-CQUMB,0.6037,MEDIUM
2694-CIUMO,0.6034,MEDIUM
6907-FLBER,0.6034,MEDIUM
2828-SLQPF,0.6033,MEDIUM
6849-WLEYG,0.6025,MEDIUM
9661-ACXBS,0.6024,MEDIUM
2027-OAQQC,0.6024,MEDIUM
9142-KZXOP,0.6023,MEDIUM
8740-XLHDR,0.602,MEDIUM
0374-AACSZ,0.602,MEDIUM
9614-RMGHA,0.6019,MEDIUM
0463-ZSDNT,0.6017,MEDIUM
3001-CBHLQ,0.6009,MEDIUM
1444-VVSGW,0.6009,MEDIUM
0643-OKLRP,0.6009,MEDIUM
0576-WNXXC,0.6006,MEDIUM
8654-DHAOW,0.6005,MEDIUM
6259-WJQLC,0.6005,MEDIUM
9732-EQMWY,0.6004,MEDIUM
2815-CPTUL,0.6001,MEDIUM
6646-VRFOL,0.6001,MEDIUM
5899-OUVKV,0.6001,MEDIUM
5692-ICXLW,0.5995,MEDIUM
8444-WRIDW,0.5995,MEDIUM
8705-DWKTI,0.5992,MEDIUM
2834-SPCJV,0.5992,MEDIUM
0650-BWOZN,0.5984,MEDIUM
8433-WXGNA,0.5984,MEDIUM
3427-GGZZI,0.5984,MEDIUM
7562-UXTPG,0.5983,MEDIUM
6583-QGCSI,0.5982,MEDIUM
4826-TZEVA,0.598,MEDIUM
8695-ARGXZ,0.598,MEDIUM
7326-RIGQZ,0.5977,MEDIUM
8387-MOJJT,0.5977,MEDIUM
0877-SDMBN,0.5974,MEDIUM
2603-HVKCG,0.5972,MEDIUM
9398-MMQTO,0.5969,MEDIUM
0581-BXBUB,0.5966,MEDIUM
7315-WYOAW,0.5964,MEDIUM
8805-JNRAZ,0.5964,MEDIUM
6651-AZVTJ,0.5962,MEDIUM
6635-CPNUN,0.5961,MEDIUM
2636-OHFMN,0.5961,MEDIUM
3797-FKOGQ,0.5961,MEDIUM
6078-VESFR,0.5957,MEDIUM
9169-BSVIN,0.5957,MEDIUM
5649-TJHOV,0.5956,MEDIUM
9898-KZQDZ,0.5951,MEDIUM
3934-HXCFZ,0.5947,MEDIUM
7927-AUXBZ,0.594,MEDIUM
6413-XKKPU,0.5938,MEDIUM
8566-YPRGL,0.5936,MEDIUM
6038-GCYEC,0.5936,MEDIUM
6345-HOVES,0.5928,MEDIUM
7878-RTCZG,0.5924,MEDIUM
6654-QGBZZ,0.5924,MEDIUM
3900-AQPHZ,0.5924,MEDIUM
1622-HSHSF,0.5921,MEDIUM
1689-MRZQR,0.5919,MEDIUM
4412-YLTKF,0.5917,MEDIUM
4628-CTTLA,0.5916,MEDIUM
5143-WMWOG,0.5915,MEDIUM
1135-LMECX,0.5914,MEDIUM
3420-ZDBMA,0.5914,MEDIUM
4797-AXPXK,0.5913,MEDIUM
9210-IAHGH,0.5913,MEDIUM
0324-BRPCJ,0.5912,MEDIUM
2903-YYTBW,0.5912,MEDIUM
2592-YKDIF,0.5907,MEDIUM
2311-QYMUQ,0.5905,MEDIUM
5842-POCOP,0.5901,MEDIUM
8132-YPVBX,0.5896,MEDIUM
9688-YGXVR,0.5896,MEDIUM
6319-IEJWJ,0.5895,MEDIUM
5712-AHQNN,0.5883,MEDIUM
5168-MSWXT,0.5882,MEDIUM
6158-DWPZT,0.5879,MEDIUM
9540-JYROE,0.5875,MEDIUM
9547-ITEFG,0.5871,MEDIUM
7718-RXDGG,0.5868,MEDIUM
0231-LXVAP,0.5867,MEDIUM
5301-GAUUY,0.586,MEDIUM
0599-XNYDO,0.5858,MEDIUM
7928-VJYAB,0.5858,MEDIUM
0927-CNGRH,0.5854,MEDIUM
1092-GANHU,0.5851,MEDIUM
6075-SLNIL,0.5851,MEDIUM
3629-ZNKXA,0.5847,MEDIUM
4760-XOHVN,0.5847,MEDIUM
4554-YGZIH,0.5846,MEDIUM
3415-TAILE,0.5845,MEDIUM
4325-NFSKC,0.5834,MEDIUM
0842-IWYCP,0.5828,MEDIUM
0265-EDXBD,0.5822,MEDIUM
9777-WJJPR,0.5821,MEDIUM
4283-FUTGF,0.5818,MEDIUM
0475-RIJEP,0.5817,MEDIUM
7963-GQRMY,0.5817,MEDIUM
7318-EIVKO,0.5815,MEDIUM
2208-UGTGR,0.5812,MEDIUM
0952-KMEEH,0.5811,MEDIUM
2187-LZGPL,0.5808,MEDIUM
5073-WXOYN,0.5806,MEDIUM
6572-ADKRS,0.5805,MEDIUM
7460-ITWWP,0.5804,MEDIUM
3194-ORPIK,0.5803,MEDIUM
3211-AAPKX,0.5801,MEDIUM
0125-LZQXK,0.5799,MEDIUM
0722-SVSFK,0.5798,MEDIUM
3285-UCQVC,0.5794,MEDIUM
2357-COQEK,0.5791,MEDIUM
2657-ALMWY,0.579,MEDIUM
8749-JMNKX,0.5779,MEDIUM
8563-OYMQY,0.5777,MEDIUM
1513-XNPPH,0.5777,MEDIUM
8634-CILSZ,0.5773,MEDIUM
5649-RXQTV,0.5768,MEDIUM
8199-ZLLSA,0.5764,MEDIUM
4070-OKWVH,0.5756,MEDIUM
6537-QLGEX,0.5756,MEDIUM
3312-UUMZW,0.5756,MEDIUM
0320-JDNQG,0.5743,MEDIUM
0256-LTHVJ,0.5742,MEDIUM
6693-FRIRW,0.5736,MEDIUM
3761-FLYZI,0.5733,MEDIUM
1989-PRJHP,0.573,MEDIUM
8399-YNDCH,0.5729,MEDIUM
7470-MCQTK,0.5728,MEDIUM
9058-MJLZC,0.5728,MEDIUM
7072-MBHEV,0.572,MEDIUM
2452-KDRRH,0.5718,MEDIUM
7346-MEDWM,0.5717,MEDIUM
7551-JOHTI,0.5717,MEDIUM
1905-OEILC,0.5717,MEDIUM
9286-DOJGF,0.5712,MEDIUM
9776-CLUJA,0.571,MEDIUM
5498-TXHLF,0.571,MEDIUM
4958-GZWIY,0.57,MEDIUM
0701-RFGFI,0.5697,MEDIUM
8818-XYFCQ,0.5697,MEDIUM
6362-QHAFM,0.5693,MEDIUM
6769-DYBQN,0.5692,MEDIUM
5074-FBGHB,0.5692,MEDIUM
1481-ZUWZA,0.5691,MEDIUM
1932-UEDCX,0.569,MEDIUM
3096-JRDSO,0.5687,MEDIUM
6968-GMKPR,0.5687,MEDIUM
3190-XFANI,0.5683,MEDIUM
3055-MJDSB,0.5681,MEDIUM
5515-AKOAJ,0.5681,MEDIUM
2754-SDJRD,0.5681,MEDIUM
5351-QESIO,0.568,MEDIUM
5493-SDRDQ,0.5677,MEDIUM
6770-XUAGN,0.5669,MEDIUM
4361-BKAXE,0.5668,MEDIUM
1228-FZFRV,0.5665,MEDIUM
8436-BJUMM,0.5664,MEDIUM
7639-SUPCW,0.5662,MEDIUM
2141-RRYGO,0.566,MEDIUM
2718-GAXQD,0.5657,MEDIUM
1432-FPAXX,0.5655,MEDIUM
9667-TKTVZ,0.5652,MEDIUM
2637-FKFSY,0.565,MEDIUM
2684-EIWEO,0.5648,MEDIUM
2378-VTKDH,0.5647,MEDIUM
0516-WJVXC,0.5647,MEDIUM
0929-PECLO,0.5645,MEDIUM
5999-LCXAO,0.5642,MEDIUM
0867-MKZVY,0.5642,MEDIUM
9526-JAWYF,0.5641,MEDIUM
9722-UJOJR,0.5641,MEDIUM
6818-WOBHJ,0.5641,MEDIUM
9206-GVPEQ,0.5636,MEDIUM
9465-RWMXL,0.5632,MEDIUM
3566-VVORZ,0.5629,MEDIUM
5339-PXDVH,0.5627,MEDIUM
8035-PWSEV,0.5626,MEDIUM
3001-UNBTL,0.5626,MEDIUM
4450-YOOHP,0.5622,MEDIUM
0596-BQCEQ,0.562,MEDIUM
9281-PKKZE,0.562,MEDIUM
3679-XASPY,0.5619,MEDIUM
8429-XIBUM,0.5617,MEDIUM
3009-JWMPU,0.5612,MEDIUM
2082-OJVTK,0.561,MEDIUM
2800-QQUSO,0.561,MEDIUM
7594-LZNWR,0.5603,MEDIUM
3509-GWQGF,0.5602,MEDIUM
4039-HEUNW,0.5601,MEDIUM
3814-MLAXC,0.5599,MEDIUM
7145-FEJWU,0.5599,MEDIUM
4658-HCOHW,0.5597,MEDIUM
1215-FIGMP,0.5597,MEDIUM
1725-MIMXW,0.5589,MEDIUM
3914-FDRHP,0.5588,MEDIUM
1013-QCWAM,0.5586,MEDIUM
1261-FWTTE,0.5585,MEDIUM
5857-TYBCJ,0.5584,MEDIUM
0354-WYROK,0.5583,MEDIUM
9281-OFDMF,0.5581,MEDIUM
1984-FCOWB,0.5578,MEDIUM
0870-VEMYL,0.5572,MEDIUM
6173-GOLSU,0.5572,MEDIUM
7924-GJZFI,0.557,MEDIUM
8450-JOVAH,0.5569,MEDIUM
2832-KJCRD,0.5557,MEDIUM
0388-EOPEX,0.555,MEDIUM
5701-YVSVF,0.5549,MEDIUM
1436-ZMJAN,0.5549,MEDIUM
2452-SNHFZ,0.5545,MEDIUM
7547-EKNFS,0.5545,MEDIUM
6365-MTGZX,0.5543,MEDIUM
1522-VVDMG,0.5542,MEDIUM
1101-SSWAG,0.5537,MEDIUM
1853-ARAAQ,0.5537,MEDIUM
3923-CSIHK,0.5536,MEDIUM
7739-LAXOG,0.5536,MEDIUM
4307-KTUMW,0.5529,MEDIUM
1322-AGOQM,0.5529,MEDIUM
4625-EWPTF,0.5526,MEDIUM
7000-WCEVQ,0.5526,MEDIUM
3842-IYKUE,0.5525,MEDIUM
8824-RWFXJ,0.5522,MEDIUM
0611-DFXKO,0.5521,MEDIUM
7729-JTEEC,0.552,MEDIUM
7517-SAWMO,0.5519,MEDIUM
2696-NARTR,0.5517,MEDIUM
2969-QWUBZ,0.5516,MEDIUM
3419-SNJJD,0.5511,MEDIUM
0786-VSSUD,0.5511,MEDIUM
6777-TGHTM,0.5507,MEDIUM
3815-SLMEF,0.5506,MEDIUM
7271-AJDTL,0.5506,MEDIUM
0578-SKVMF,0.5504,MEDIUM
0916-QOFDP,0.5502,MEDIUM
4587-NUKOX,0.55,MEDIUM
7895-VONWT,0.5495,MEDIUM
7176-WIONM,0.5494,MEDIUM
4132-KALRO,0.5488,MEDIUM
4430-UZIPO,0.5481,MEDIUM
5889-JTMUL,0.5481,MEDIUM
0376-YMCJC,0.5479,MEDIUM
2606-RMDHZ,0.5479,MEDIUM
8640-SDGKB,0.5478,MEDIUM
0727-BMPLR,0.5475,MEDIUM
2675-DHUTR,0.5474,MEDIUM
6888-SBYAI,0.5468,MEDIUM
2817-NTQDO,0.5468,MEDIUM
8761-NSOBC,0.5468,MEDIUM
3235-ETOOB,0.5465,MEDIUM
5453-AXEPF,0.5461,MEDIUM
3886-CERTZ,0.546,MEDIUM
8378-LKJAF,0.5458,MEDIUM
8751-EDEKA,0.5458,MEDIUM
1891-FZYSA,0.5453,MEDIUM
0637-UBJRP,0.5453,MEDIUM
9158-VCTQB,0.5452,MEDIUM
3374-LXDEV,0.5452,MEDIUM
4883-QICIH,0.5446,MEDIUM
5947-SGKCL,0.5446,MEDIUM
2669-QVCRG,0.5445,MEDIUM
1866-OBPNR,0.5444,MEDIUM
0886-QGENL,0.5438,MEDIUM
1862-SKORY,0.5437,MEDIUM
3855-ONCAR,0.543,MEDIUM
0623-GDISB,0.5426,MEDIUM
3132-TVFDZ,0.5425,MEDIUM
3506-LCJDC,0.5421,MEDIUM
1095-JUDTC,0.5417,MEDIUM
4138-NAXED,0.5415,MEDIUM
2692-BUCFV,0.5414,MEDIUM
8605-ITULD,0.5414,MEDIUM
2866-IKBTM,0.5414,MEDIUM
3370-GQEAL,0.5413,MEDIUM
7758-XKCBS,0.5408,MEDIUM
0963-ZBDRN,0.5402,MEDIUM
4298-OYIFC,0.5398,MEDIUM
9500-LTVBP,0.5398,MEDIUM
6397-JNZZG,0.5383,MEDIUM
5916-QEWPT,0.5382,MEDIUM
3450-WXOAT,0.5382,MEDIUM
4452-QIIEB,0.5375,MEDIUM
5948-UJZLF,0.537,MEDIUM
9079-YEXQJ,0.5369,MEDIUM
2722-VOJQL,0.5368,MEDIUM
7601-WFVZV,0.5367,MEDIUM
1029-QFBEN,0.5367,MEDIUM
4840-ORQXB,0.5367,MEDIUM
1142-WACZW,0.5364,MEDIUM
4250-ZBWLV,0.5363,MEDIUM
0807-ZABDG,0.5359,MEDIUM
8722-NGNBH,0.5359,MEDIUM
9057-MSWCO,0.5358,MEDIUM
8019-ENHXU,0.5358,MEDIUM
6313-GIDIT,0.5356,MEDIUM
2640-PMGFL,0.5355,MEDIUM
5022-JNQEQ,0.5353,MEDIUM
8782-LKFPK,0.535,MEDIUM
6664-FPDAC,0.5349,MEDIUM
3588-WSTTJ,0.5347,MEDIUM
6599-RCLCJ,0.5343,MEDIUM
7298-IZWLY,0.534,MEDIUM
1518-VOWAV,0.5339,MEDIUM
3669-LVWZB,0.5338,MEDIUM
2674-MLXMN,0.5337,MEDIUM
8910-LEDAG,0.5336,MEDIUM
8621-MNIHH,0.5335,MEDIUM
0836-SEYLU,0.5335,MEDIUM
7133-VBDCG,0.5333,MEDIUM
2373-NTKOD,0.5332,MEDIUM
3055-OYMSE,0.5329,MEDIUM
7794-JASDG,0.5327,MEDIUM
2115-BFTIW,0.5325,MEDIUM
3644-QXEHN,0.5325,MEDIUM
5295-PCJOO,0.5323,MEDIUM
1307-ATKGB,0.5323,MEDIUM
0869-PAPRP,0.5321,MEDIUM
5243-SAOTC,0.532,MEDIUM
6778-YSNIH,0.532,MEDIUM
3348-CFRNX,0.532,MEDIUM
8914-RBTSB,0.532,MEDIUM
2460-NGXBJ,0.532,MEDIUM
9962-BFPDU,0.5316,MEDIUM
1035-IPQPU,0.5315,MEDIUM
2538-OIMXF,0.5309,MEDIUM
7641-EUYET,0.5306,MEDIUM
4282-MSACW,0.5304,MEDIUM
9512-UIBFX,0.5299,MEDIUM
2479-BRAMR,0.5293,MEDIUM
5813-UECBU,0.5291,MEDIUM
2889-FPWRM,0.5291,MEDIUM
8059-UDZFY,0.5289,MEDIUM
0634-SZPQA,0.5285,MEDIUM
5666-CYCYZ,0.5284,MEDIUM
3737-XBQDD,0.5284,MEDIUM
7743-EXURX,0.5283,MEDIUM
5780-INQIK,0.5282,MEDIUM
2235-ZGKPT,0.5281,MEDIUM
9820-RMCQV,0.5281,MEDIUM
0533-BNWKF,0.5278,MEDIUM
7993-PYKOF,0.5275,MEDIUM
7136-RVDTZ,0.5273,MEDIUM
5628-RKIFK,0.5273,MEDIUM
0924-BJCRC,0.527,MEDIUM
0115-TFERT,0.5267,MEDIUM
5445-GLVOT,0.5265,MEDIUM
2309-OSFEU,0.5259,MEDIUM
6267-DCFFZ,0.5254,MEDIUM
2081-VEYEH,0.5253,MEDIUM
0428-IKYCP,0.5253,MEDIUM
9644-KVCNC,0.5251,MEDIUM
5647-FXOTP,0.525,MEDIUM
7109-MFBYV,0.5248,MEDIUM
1447-PJGGA,0.5246,MEDIUM
5515-IDEJJ,0.5244,MEDIUM
0639-TSIQW,0.5238,MEDIUM
9835-ZIITK,0.5238,MEDIUM
8455-HIRAQ,0.5237,MEDIUM
8807-ARQET,0.5236,MEDIUM
8920-NAVAY,0.5234,MEDIUM
5482-NUPNA,0.5232,MEDIUM
1550-LOAHA,0.5232,MEDIUM
5998-VVEJY,0.5228,MEDIUM
0979-PHULV,0.5228,MEDIUM
8393-JMVMB,0.5223,MEDIUM
1849-RJYIG,0.5222,MEDIUM
1399-UBQIU,0.522,MEDIUM
9819-FBNSV,0.5219,MEDIUM
0027-KWYKW,0.5218,MEDIUM
0823-HSCDJ,0.5217,MEDIUM
4116-TZAQJ,0.5217,MEDIUM
9365-SRSZE,0.5216,MEDIUM
1996-DBMUS,0.5216,MEDIUM
0130-SXOUN,0.5216,MEDIUM
1493-AMTIE,0.5215,MEDIUM
0356-ERHVT,0.5212,MEDIUM
3524-WQDSG,0.5206,MEDIUM
8718-PTMEZ,0.5206,MEDIUM
4690-PKDQG,0.5206,MEDIUM
8257-RZAHR,0.5201,MEDIUM
3733-LSYCE,0.5199,MEDIUM
7549-MYGPK,0.5195,MEDIUM
1396-QWFBJ,0.5192,MEDIUM
5510-BOIUJ,0.5189,MEDIUM
3932-IJWDZ,0.5188,MEDIUM
1170-SASML,0.5188,MEDIUM
4628-WQCQQ,0.5186,MEDIUM
6173-ITPWD,0.5185,MEDIUM
7721-JXEAW,0.5183,MEDIUM
8773-HHUOZ,0.518,MEDIUM
3445-HXXGF,0.518,MEDIUM
2632-UCGVD,0.5179,MEDIUM
1871-MOWRM,0.5178,MEDIUM
7579-OOPEC,0.5173,MEDIUM
2011-TRQYE,0.5171,MEDIUM
1406-PUQVY,0.5167,MEDIUM
0419-YAAPX,0.5167,MEDIUM
3259-FDWOY,0.5165,MEDIUM
8272-ONJLV,0.5163,MEDIUM
3466-RITXD,0.5162,MEDIUM
6425-YQLLO,0.5159,MEDIUM
7892-QVYKW,0.5159,MEDIUM
6704-UTUKK,0.5153,MEDIUM
2523-EWWZL,0.5146,MEDIUM
1193-RTSLK,0.5142,MEDIUM
0410-IPFTY,0.514,MEDIUM
1750-CSKKM,0.5137,MEDIUM
2974-GGUXS,0.5136,MEDIUM
8450-UYIBU,0.5135,MEDIUM
8885-QSQBX,0.5131,MEDIUM
1587-FKLZB,0.513,MEDIUM
6769-DCQLI,0.5129,MEDIUM
5575-TPIZQ,0.5129,MEDIUM
5440-VHLUL,0.5127,MEDIUM
0748-RDGGM,0.5125,MEDIUM
7978-DKUQH,0.5125,MEDIUM
2219-MVUSO,0.5122,MEDIUM
2460-FPSYH,0.5118,MEDIUM
9327-QSDED,0.5115,MEDIUM
4471-KXAUH,0.5114,MEDIUM
3665-JATSN,0.5108,MEDIUM
2947-DOMLJ,0.5107,MEDIUM
6240-EURKS,0.5106,MEDIUM
9741-YLNTD,0.5106,MEDIUM
2886-KEFUM,0.5105,MEDIUM
7251-XFOIL,0.5104,MEDIUM
7590-VHVEG,0.5095,MEDIUM
1842-EZJMK,0.5095,MEDIUM
5154-VEKBL,0.5094,MEDIUM
4291-HPAXL,0.5093,MEDIUM
2565-JSLRY,0.5092,MEDIUM
3336-JORSO,0.5085,MEDIUM
6402-EJMWF,0.5084,MEDIUM
3945-GFWQL,0.5079,MEDIUM
3058-HJCUY,0.5075,MEDIUM
0147-ESWWR,0.5074,MEDIUM
2157-MXBJS,0.5069,MEDIUM
6439-GTPCA,0.5069,MEDIUM
2873-ZLIWT,0.5068,MEDIUM
0212-ISBBF,0.5066,MEDIUM
6242-MBHPK,0.5063,MEDIUM
8404-GFGCZ,0.5059,MEDIUM
9272-LSVYH,0.5056,MEDIUM
6467-CHFZW,0.5052,MEDIUM
8695-WDYEA,0.5051,MEDIUM
1452-KIOVK,0.505,MEDIUM
0106-GHRQR,0.5046,MEDIUM
5906-BFOZT,0.5044,MEDIUM
0118-JPNOY,0.5039,MEDIUM
6923-JHPMP,0.5039,MEDIUM
4080-OGPJL,0.5038,MEDIUM
9576-SYUHJ,0.5035,MEDIUM
7422-WNBTY,0.5032,MEDIUM
2480-JZOSN,0.5031,MEDIUM
1373-ORVIZ,0.5029,MEDIUM
6908-VVYHM,0.5026,MEDIUM
9391-YZEJW,0.5021,MEDIUM
3094-JOJAI,0.502,MEDIUM
0666-UXTJO,0.5006,MEDIUM
8544-GOQSH,0.5001,MEDIUM
